,title,tconst,titleType,primaryTitle,originalTitle,isAdult,startYear,endYear,runtimeMinutes,genres,lower_title,_merge
0,101 Dalmatians,tt0115433,movie,101 Dalmatians,101 Dalmatians,0,1996,\N,103,"Adventure,Comedy,Crime",101 dalmatians,both
5,102 Dalmatians,tt0211181,movie,102 Dalmatians,102 Dalmatians,0,2000,\N,100,"Adventure,Comedy,Family",102 dalmatians,both
10,"20,000 Leagues Under the Sea",tt0046672,movie,"20,000 Leagues Under the Sea","20,000 Leagues Under the Sea",0,1954,\N,127,"Adventure,Drama,Family",20000 leagues under the sea,both
24,A Bug's Life,tt0120623,movie,A Bug's Life,A Bug's Life,0,1998,\N,95,"Adventure,Animation,Comedy",a bugs life,both
74,A Christmas Carol,tt1067106,movie,A Christmas Carol,A Christmas Carol,0,2009,\N,96,"Adventure,Animation,Comedy",a christmas carol,both
126,A Far Off Place,tt0106868,movie,A Far Off Place,A Far Off Place,0,1993,\N,100,"Adventure,Drama,Family",a far off place,both
127,A Goofy Movie,tt0113198,movie,A Goofy Movie,A Goofy Movie,0,1995,\N,78,"Adventure,Animation,Comedy",a goofy movie,both
135,A Kid In King Arthur's Court,tt0113538,movie,A Kid in King Arthur's Court,A Kid in King Arthur's Court,0,1995,\N,89,"Adventure,Comedy,Family",a kid in king arthurs court,both
143,A Tiger Walks,tt0058657,movie,A Tiger Walks,A Tiger Walks,0,1964,\N,91,"Drama,Family",a tiger walks,both
147,A Wrinkle in Time,tt1620680,movie,A Wrinkle in Time,A Wrinkle in Time,0,2018,\N,109,"Adventure,Family,Fantasy",a wrinkle in time,both
158,Adventures in Babysitting,tt0092513,movie,Adventures in Babysitting,Adventures in Babysitting,0,1987,\N,102,"Adventure,Comedy,Crime",adventures in babysitting,both
187,African Cats,tt1223236,movie,African Cats,African Cats,0,2011,\N,89,"Adventure,Documentary",african cats,both
190,Aladdin,tt0103639,movie,Aladdin,Aladdin,0,1992,\N,90,"Adventure,Animation,Comedy",aladdin,both
244,Aladdin,tt6139732,movie,Aladdin,Aladdin,0,2019,\N,128,"Adventure,Comedy,Family",aladdin,both
258,"Alexander and the Terrible, Horrible, No Good, Very Bad Day",tt1698641,movie,"Alexander and the Terrible, Horrible, No Good, Very Bad Day","Alexander and the Terrible, Horrible, No Good, Very Bad Day",0,2014,\N,81,"Comedy,Drama,Family",alexander and the terrible horrible no good very bad day,both
268,Alice in Wonderland,tt0043274,movie,Alice in Wonderland,Alice in Wonderland,0,1951,\N,75,"Adventure,Animation,Comedy",alice in wonderland,both
291,Alice in Wonderland,tt1014759,movie,Alice in Wonderland,Alice in Wonderland,0,2010,\N,108,"Adventure,Family,Fantasy",alice in wonderland,both
344,Alice Through the Looking Glass,tt2567026,movie,Alice Through the Looking Glass,Alice Through the Looking Glass,0,2016,\N,113,"Adventure,Family,Fantasy",alice through the looking glass,both
356,Aliens of the Deep,tt0417415,movie,Aliens of the Deep,Aliens of the Deep,0,2005,\N,100,"Documentary,Family",aliens of the deep,both
358,Almost Angels,tt0055740,movie,Almost Angels,Almost Angels,0,1962,\N,93,"Comedy,Family,Music",almost angels,both
360,America's Heart and Soul,tt0381006,movie,America's Heart & Soul,America's Heart & Soul,0,2004,\N,84,Documentary,americas heart  soul,both
361,Amy,tt0082017,movie,Amy,Amy,0,1981,\N,100,"Drama,Family",amy,both
429,Angels in the Outfield,tt0043286,movie,Angels in the Outfield,Angels in the Outfield,0,1951,\N,99,"Comedy,Family,Fantasy",angels in the outfield,both
430,Angels in the Outfield,tt0109127,movie,Angels in the Outfield,Angels in the Outfield,0,1994,\N,102,"Comedy,Family,Fantasy",angels in the outfield,both
433,Ant-Man,tt0478970,movie,Ant-Man,Ant-Man,0,2015,\N,117,"Action,Adventure,Comedy",antman,both
456,Ant-Man and the Wasp,tt5095030,movie,Ant-Man and the Wasp,Ant-Man and the Wasp,0,2018,\N,118,"Action,Adventure,Comedy",antman and the wasp,both
473,Around the World in 80 Days,tt0327437,movie,Around the World in 80 Days,Around the World in 80 Days,0,2004,\N,120,"Action,Adventure,Comedy",around the world in 80 days,both
491,Artemis Fowl,tt3089630,movie,Artemis Fowl,Artemis Fowl,0,2020,\N,95,"Adventure,Family,Fantasy",artemis fowl,both
495,Atlantis: The Lost Empire,tt0230011,movie,Atlantis: The Lost Empire,Atlantis: The Lost Empire,0,2001,\N,95,"Action,Adventure,Animation",atlantis the lost empire,both
527,Avengers: Endgame,tt4154796,movie,Avengers: Endgame,Avengers: Endgame,0,2019,\N,181,"Action,Adventure,Drama",avengers endgame,both
538,Avengers: Infinity War,tt4154756,movie,Avengers: Infinity War,Avengers: Infinity War,0,2018,\N,149,"Action,Adventure,Sci-Fi",avengers infinity war,both
561,Babes in Toyland,tt0054649,movie,Babes in Toyland,Babes in Toyland,0,1961,\N,106,"Comedy,Family,Fantasy",babes in toyland,both
563,Babes in Toyland,tt0168473,movie,Babes in Toyland,Babes in Toyland,0,1997,\N,74,"Animation,Comedy,Family",babes in toyland,both
579,Bambi,tt0034492,movie,Bambi,Bambi,0,1942,\N,70,"Adventure,Animation,Drama",bambi,both
619,Bears,tt2458776,movie,Bears,Bears,0,2014,\N,78,"Documentary,Family",bears,both
644,Beauty and the Beast,tt0101414,movie,Beauty and the Beast,Beauty and the Beast,0,1991,\N,84,"Animation,Family,Fantasy",beauty and the beast,both
723,Beauty and the Beast,tt2771200,movie,Beauty and the Beast,Beauty and the Beast,0,2017,\N,129,"Adventure,Family,Fantasy",beauty and the beast,both
776,Bedknobs and Broomsticks,tt0066817,movie,Bedknobs and Broomsticks,Bedknobs and Broomsticks,0,1971,\N,117,"Adventure,Animation,Comedy",bedknobs and broomsticks,both
830,Benji The Hunted,tt0092638,movie,Benji the Hunted,Benji the Hunted,0,1987,\N,88,"Adventure,Family",benji the hunted,both
831,Beverly Hills Chihuahua,tt1014775,movie,Beverly Hills Chihuahua,Beverly Hills Chihuahua,0,2008,\N,91,"Adventure,Comedy,Drama",beverly hills chihuahua,both
843,Big Hero 6,tt2245084,movie,Big Hero 6,Big Hero 6,0,2014,\N,102,"Action,Adventure,Animation",big hero 6,both
854,Big Red,tt0055793,movie,Big Red,Big Red,0,1962,\N,89,"Adventure,Drama,Family",big red,both
881,Black Panther,tt1825683,movie,Black Panther,Black Panther,0,2018,\N,134,"Action,Adventure,Sci-Fi",black panther,both
957,Black Widow,tt3480822,movie,Black Widow,Black Widow,0,2021,\N,134,"Action,Adventure,Sci-Fi",black widow,both
985,Blackbeard's Ghost,tt0062737,movie,Blackbeard's Ghost,Blackbeard's Ghost,0,1968,\N,106,"Comedy,Family,Fantasy",blackbeards ghost,both
987,Blank Check,tt0109287,movie,Blank Check,Blank Check,0,1994,\N,93,"Comedy,Crime,Family",blank check,both
994,Bolt,tt0397892,movie,Bolt,Bolt,0,2008,\N,96,"Adventure,Animation,Comedy",bolt,both
1010,Bon Voyage!,tt0055807,movie,Bon Voyage!,Bon Voyage!,0,1962,\N,130,"Adventure,Comedy,Drama",bon voyage,both
1092,Brave,tt1217209,movie,Brave,Brave,0,2012,\N,93,"Adventure,Animation,Comedy",brave,both
1124,Bridge to Terabithia,tt0398808,movie,Bridge to Terabithia,Bridge to Terabithia,0,2007,\N,96,"Drama,Family,Fantasy",bridge to terabithia,both
1130,Brother Bear,tt0328880,movie,Brother Bear,Brother Bear,0,2003,\N,85,"Adventure,Animation,Comedy",brother bear,both
1143,Candleshoe,tt0075807,movie,Candleshoe,Candleshoe,0,1977,\N,101,"Adventure,Comedy,Drama",candleshoe,both
1148,Captain America: Civil War,tt3498820,movie,Captain America: Civil War,Captain America: Civil War,0,2016,\N,147,"Action,Adventure,Sci-Fi",captain america civil war,both
1176,Captain Marvel,tt4154664,movie,Captain Marvel,Captain Marvel,0,2019,\N,123,"Action,Adventure,Sci-Fi",captain marvel,both
1188,Cars,tt0317219,movie,Cars,Cars,0,2006,\N,117,"Adventure,Animation,Comedy",cars,both
1233,Cars 2,tt1216475,movie,Cars 2,Cars 2,0,2011,\N,106,"Adventure,Animation,Comedy",cars 2,both
1249,Cars 3,tt3606752,movie,Cars 3,Cars 3,0,2017,\N,102,"Adventure,Animation,Comedy",cars 3,both
1256,Charley and the Angel,tt0069866,movie,Charley and the Angel,Charley and the Angel,0,1973,\N,93,"Comedy,Family,Fantasy",charley and the angel,both
1258,Charlie The Lonesome Cougar,tt0062793,movie,"Charlie, the Lonesome Cougar","Charlie, the Lonesome Cougar",0,1967,\N,75,"Adventure,Family",charlie the lonesome cougar,both
1259,Cheetah,tt0097053,movie,Cheetah,Cheetah,0,1989,\N,83,"Adventure,Drama,Family",cheetah,both
1276,Chicken Little,tt0371606,movie,Chicken Little,Chicken Little,0,2005,\N,81,"Adventure,Animation,Comedy",chicken little,both
1294,Chimpanzee,tt1222815,movie,Chimpanzee,Chimpanzee,0,2012,\N,78,"Documentary,Family",chimpanzee,both
1307,Christopher Robin,tt4575576,movie,Christopher Robin,Christopher Robin,0,2018,\N,104,"Adventure,Animation,Comedy",christopher robin,both
1314,"Chronicles of Narnia: The Lion, the Witch and the Wardrobe",tt0363771,movie,"The Chronicles of Narnia: The Lion, the Witch and the Wardrobe","The Chronicles of Narnia: The Lion, the Witch and the Wardrobe",0,2005,\N,143,"Adventure,Family,Fantasy",the chronicles of narnia the lion the witch and the wardrobe,both
1323,Cinderella,tt0042332,movie,Cinderella,Cinderella,0,1950,\N,74,"Animation,Family,Fantasy",cinderella,both
1392,Cinderella,tt1661199,movie,Cinderella,Cinderella,0,2015,\N,105,"Adventure,Drama,Family",cinderella,both
1481,Coco,tt2380307,movie,Coco,Coco,0,2017,\N,105,"Adventure,Animation,Comedy",coco,both
1508,College Road Trip,tt0997047,movie,College Road Trip,College Road Trip,0,2008,\N,83,"Adventure,Comedy,Drama",college road trip,both
1511,Condorman,tt0082199,movie,Condorman,Condorman,0,1981,\N,90,"Action,Adventure,Comedy",condorman,both
1514,Confessions of a Teenage Drama Queen,tt0361467,movie,Confessions of a Teenage Drama Queen,Confessions of a Teenage Drama Queen,0,2004,\N,89,"Comedy,Family,Music",confessions of a teenage drama queen,both
1515,Cool Runnings,tt0106611,movie,Cool Runnings,Cool Runnings,0,1993,\N,98,"Adventure,Comedy,Family",cool runnings,both
1530,Cruella,tt3228774,movie,Cruella,Cruella,0,2021,\N,134,"Adventure,Comedy,Crime",cruella,both
1531,D2: The Mighty Ducks,tt0109520,movie,D2: The Mighty Ducks,D2: The Mighty Ducks,0,1994,\N,106,"Comedy,Drama,Family",d2 the mighty ducks,both
1533,D3: The Mighty Ducks,tt0116000,movie,D3: The Mighty Ducks,D3: The Mighty Ducks,0,1996,\N,104,"Action,Comedy,Drama",d3 the mighty ducks,both
1536,Darby O'Gill and the Little People,tt0052722,movie,Darby O'Gill and the Little People,Darby O'Gill and the Little People,0,1959,\N,93,"Adventure,Family,Fantasy",darby ogill and the little people,both
1538,Davy Crockett and the River Pirates,tt0049125,movie,Davy Crockett and the River Pirates,Davy Crockett and the River Pirates,0,1956,\N,81,"Adventure,Comedy,Drama",davy crockett and the river pirates,both
1541,Davy Crockett: King of the Wild Frontier,tt0047977,movie,Davy Crockett: King of the Wild Frontier,Davy Crockett: King of the Wild Frontier,0,1955,\N,93,"Adventure,Drama,Family",davy crockett king of the wild frontier,both
1544,Dinosaur,tt0130623,movie,Dinosaur,Dinosaur,0,2000,\N,82,"Adventure,Animation,Drama",dinosaur,both
1605,Do Dooni Chaar,tt1714832,movie,Do Dooni Chaar,Do Dooni Chaar,0,2010,\N,112,"Comedy,Crime,Drama",do dooni chaar,both
1607,Doctor Strange in the Multiverse of Madness,tt9419884,movie,Doctor Strange in the Multiverse of Madness,Doctor Strange in the Multiverse of Madness,0,2022,\N,\N,"Action,Adventure,Fantasy",doctor strange in the multiverse of madness,both
1609,Dr. Seuss' Horton Hears a Who,tt0451079,movie,Horton Hears a Who!,Horton Hears a Who!,0,2008,\N,86,"Adventure,Animation,Comedy",horton hears a who,both
1610,DuckTales: The Movie - Treasure of the Lost Lamp,tt0099472,movie,DuckTales the Movie: Treasure of the Lost Lamp,DuckTales the Movie: Treasure of the Lost Lamp,0,1990,\N,74,"Adventure,Animation,Comedy",ducktales the movie treasure of the lost lamp,both
1611,Dumbo,tt0033563,movie,Dumbo,Dumbo,0,1941,\N,64,"Adventure,Animation,Drama",dumbo,both
1618,Dumbo,tt3861390,movie,Dumbo,Dumbo,0,2019,\N,112,"Adventure,Family,Fantasy",dumbo,both
1631,Earth,tt0393597,movie,Earth,Earth,0,2007,\N,90,Documentary,earth,both
1677,Eight Below,tt0397313,movie,Eight Below,Eight Below,0,2006,\N,120,"Adventure,Drama,Family",eight below,both
1684,Emil and the Detectives,tt0058056,movie,Emil and the Detectives,Emil and the Detectives,0,1964,\N,99,"Comedy,Crime,Drama",emil and the detectives,both
1693,Encanto,tt2953050,movie,Encanto,Encanto,0,2021,\N,102,"Animation,Comedy,Family",encanto,both
1700,Enchanted,tt0461770,movie,Enchanted,Enchanted,0,2007,\N,107,"Adventure,Animation,Comedy",enchanted,both
1714,Endurance,tt0120659,movie,Endurance,Endurance,0,1998,\N,83,"Biography,Drama,Sport",endurance,both
1759,Epic,tt0848537,movie,Epic,Epic,0,2013,\N,102,"Action,Adventure,Animation",epic,both
1779,Escape To Witch Mountain,tt0072951,movie,Escape to Witch Mountain,Escape to Witch Mountain,0,1975,\N,97,"Adventure,Family,Fantasy",escape to witch mountain,both
1785,Fantasia,tt0032455,movie,Fantasia,Fantasia,0,1940,\N,125,"Animation,Family,Fantasy",fantasia,both
1821,Fantasia 2000,tt0120910,movie,Fantasia 2000,Fantasia 2000,0,1999,\N,75,"Animation,Family,Fantasy",fantasia 2000,both
1830,Ferdinand,tt3411444,movie,Ferdinand,Ferdinand,0,2017,\N,108,"Adventure,Animation,Comedy",ferdinand,both
1841,Finding Dory,tt2277860,movie,Finding Dory,Finding Dory,0,2016,\N,97,"Adventure,Animation,Comedy",finding dory,both
1856,Finding Nemo,tt0266543,movie,Finding Nemo,Finding Nemo,0,2003,\N,100,"Adventure,Animation,Comedy",finding nemo,both
1869,First Kid,tt0116311,movie,First Kid,First Kid,0,1996,\N,101,"Comedy,Family",first kid,both
1870,Flight of the Navigator,tt0091059,movie,Flight of the Navigator,Flight of the Navigator,0,1986,\N,90,"Adventure,Comedy,Family",flight of the navigator,both
1875,Flubber,tt0119137,movie,Flubber,Flubber,0,1997,\N,93,"Comedy,Family,Sci-Fi",flubber,both
1877,"Follow Me, Boys!",tt0060420,movie,"Follow Me, Boys!","Follow Me, Boys!",0,1966,\N,131,"Drama,Family",follow me boys,both
1878,Frank and Ollie,tt0113104,movie,Frank and Ollie,Frank and Ollie,0,1995,\N,89,Documentary,frank and ollie,both
1880,Frankenweenie,tt1142977,movie,Frankenweenie,Frankenweenie,0,2012,\N,87,"Animation,Comedy,Drama",frankenweenie,both
1891,Freaky Friday,tt0076054,movie,Freaky Friday,Freaky Friday,0,1976,\N,95,"Comedy,Family,Fantasy",freaky friday,both
1893,Freaky Friday,tt0322330,movie,Freaky Friday,Freaky Friday,0,2003,\N,97,"Comedy,Family,Fantasy",freaky friday,both
1991,Fun and Fancy Free,tt0039404,movie,Fun and Fancy Free,Fun & Fancy Free,0,1947,\N,73,"Adventure,Animation,Comedy",fun and fancy free,both
1996,George of the Jungle,tt0119190,movie,George of the Jungle,George of the Jungle,0,1997,\N,92,"Action,Adventure,Comedy",george of the jungle,both
2023,G-Force,tt0436339,movie,G-Force,G-Force,0,2009,\N,88,"Action,Adventure,Animation",gforce,both
2031,Ghosts of the Abyss,tt0297144,movie,Ghosts of the Abyss,Ghosts of the Abyss,0,2003,\N,61,"Documentary,Family",ghosts of the abyss,both
2032,Glory Road,tt0385726,movie,Glory Road,Glory Road,0,2006,\N,118,"Biography,Drama,Sport",glory road,both
2036,Greyfriars Bobby: The True Story of a Dog,tt0054944,movie,Greyfriars Bobby: The True Story of a Dog,Greyfriars Bobby: The True Story of a Dog,0,1961,\N,91,"Drama,Family",greyfriars bobby the true story of a dog,both
2040,Guardians of the Galaxy Vol. 2,tt3896198,movie,Guardians of the Galaxy Vol. 2,Guardians of the Galaxy Vol. 2,0,2017,\N,136,"Action,Adventure,Comedy",guardians of the galaxy vol 2,both
2057,Gus,tt0074599,movie,Gus,Gus,0,1976,\N,96,"Comedy,Family,Sport",gus,both
2080,Hannah Montana & Miley Cyrus: Best of Both Worlds Concert,tt1127884,movie,Hannah Montana and Miley Cyrus: Best of Both Worlds Concert,Hannah Montana and Miley Cyrus: Best of Both Worlds Concert,0,2008,\N,74,"Documentary,Music",hannah montana and miley cyrus best of both worlds concert,both
2082,Hannah Montana: The Movie,tt1114677,movie,Hannah Montana: The Movie,Hannah Montana: The Movie,0,2009,\N,102,"Comedy,Drama,Family",hannah montana the movie,both
2090,Heavyweights,tt0110006,movie,Heavyweights,Heavyweights,0,1995,\N,100,"Comedy,Drama,Family",heavyweights,both
2132,Herbie Goes Bananas,tt0080861,movie,Herbie Goes Bananas,Herbie Goes Bananas,0,1980,\N,100,"Adventure,Comedy,Family",herbie goes bananas,both
2134,Herbie Goes To Monte Carlo,tt0076137,movie,Herbie Goes to Monte Carlo,Herbie Goes to Monte Carlo,0,1977,\N,105,"Action,Adventure,Comedy",herbie goes to monte carlo,both
2135,Herbie Rides Again,tt0071607,movie,Herbie Rides Again,Herbie Rides Again,0,1974,\N,88,"Comedy,Family,Fantasy",herbie rides again,both
2136,Herbie: Fully Loaded,tt0400497,movie,Herbie Fully Loaded,Herbie Fully Loaded,0,2005,\N,101,"Adventure,Comedy,Family",herbie fully loaded,both
2141,Hercules,tt0119282,movie,Hercules,Hercules,0,1997,\N,93,"Adventure,Animation,Comedy",hercules,both
2202,High School Musical 3: Senior Year,tt0962726,movie,High School Musical 3: Senior Year,High School Musical 3: Senior Year,0,2008,\N,112,"Comedy,Drama,Family",high school musical 3 senior year,both
2204,High School Musical: China,tt1556143,movie,Disney High School Musical: China,Ge wu qing chun,0,2010,\N,94,"Musical,Romance",disney high school musical china,both
2206,Hocus Pocus,tt0107120,movie,Hocus Pocus,Hocus Pocus,0,1993,\N,96,"Comedy,Family,Fantasy",hocus pocus,both
2244,Holes,tt0311289,movie,Holes,Holes,0,2003,\N,117,"Adventure,Comedy,Drama",holes,both
2250,Holes,tt15507514,movie,Holes,Holes,0,2021,\N,79,Documentary,holes,both
2267,Home on the Range,tt0299172,movie,Home on the Range,Home on the Range,0,2004,\N,76,"Adventure,Animation,Comedy",home on the range,both
2300,Homeward Bound II: Lost in San Francisco,tt0116552,movie,Homeward Bound II: Lost in San Francisco,Homeward Bound II: Lost in San Francisco,0,1996,\N,88,"Adventure,Comedy,Family",homeward bound ii lost in san francisco,both
2301,Homeward Bound: The Incredible Journey,tt0107131,movie,Homeward Bound: The Incredible Journey,Homeward Bound: The Incredible Journey,0,1993,\N,84,"Adventure,Comedy,Drama",homeward bound the incredible journey,both
2302,"Honey, I Blew Up The Kid",tt0104437,movie,"Honey, I Blew Up the Kid","Honey, I Blew Up the Kid",0,1992,\N,89,"Adventure,Comedy,Family",honey i blew up the kid,both
2305,"Honey, I Shrunk The Kids",tt0097523,movie,"Honey, I Shrunk the Kids","Honey, I Shrunk the Kids",0,1989,\N,93,"Adventure,Comedy,Family",honey i shrunk the kids,both
2314,Hot Lead And Cold Feet,tt0077698,movie,Hot Lead and Cold Feet,Hot Lead and Cold Feet,0,1978,\N,90,"Comedy,Western",hot lead and cold feet,both
2317,Ice Age,tt0268380,movie,Ice Age,Ice Age,0,2002,\N,81,"Adventure,Animation,Comedy",ice age,both
2352,Ice Princess,tt0396652,movie,Ice Princess,Ice Princess,0,2005,\N,98,"Comedy,Drama,Family",ice princess,both
2358,I'll Be Home for Christmas,tt0155753,movie,I'll Be Home for Christmas,I'll Be Home for Christmas,0,1998,\N,86,"Comedy,Family",ill be home for christmas,both
2381,In Search Of The Castaways,tt0056095,movie,In Search of the Castaways,In Search of the Castaways,0,1962,\N,98,"Adventure,Family,Fantasy",in search of the castaways,both
2390,Incredibles 2,tt3606756,movie,Incredibles 2,Incredibles 2,0,2018,\N,118,"Action,Adventure,Animation",incredibles 2,both
2479,Inside Out,tt2096673,movie,Inside Out,Inside Out,0,2015,\N,95,"Adventure,Animation,Comedy",inside out,both
2532,Inspector Gadget,tt0141369,movie,Inspector Gadget,Inspector Gadget,0,1999,\N,78,"Action,Adventure,Comedy",inspector gadget,both
2535,Inspector Gadget,tt11069282,movie,Inspector Gadget,Inspector Gadget,0,2026,\N,\N,"Action,Adventure,Comedy",inspector gadget,both
2593,Into the Woods,tt2180411,movie,Into the Woods,Into the Woods,0,2014,\N,125,"Adventure,Comedy,Drama",into the woods,both
2654,Invincible,tt0445990,movie,Invincible,Invincible,0,2006,\N,105,"Biography,Drama,Sport",invincible,both
2688,Iron Will,tt0110157,movie,Iron Will,Iron Will,0,1994,\N,108,"Adventure,Family",iron will,both
2697,James and the Giant Peach,tt0116683,movie,James and the Giant Peach,James and the Giant Peach,0,1996,\N,79,"Adventure,Animation,Family",james and the giant peach,both
2701,John Carter,tt0401729,movie,John Carter,John Carter,0,2012,\N,132,"Action,Adventure,Sci-Fi",john carter,both
2715,Johnny Tremain,tt0050567,movie,Johnny Tremain,Johnny Tremain,0,1957,\N,80,"Adventure,Family,History",johnny tremain,both
2716,Jonas Brothers: The Concert Experience,tt1229827,movie,Jonas Brothers: The 3D Concert Experience,Jonas Brothers: The 3D Concert Experience,0,2009,\N,76,"Documentary,Music",jonas brothers the 3d concert experience,both
2724,Jungle 2 Jungle,tt0119432,movie,Jungle 2 Jungle,Jungle 2 Jungle,0,1997,\N,105,"Comedy,Family",jungle 2 jungle,both
2726,Jungle Cat,tt0053977,movie,Jungle Cat,Jungle Cat,0,1960,\N,69,"Documentary,Family",jungle cat,both
2728,Jungle Cruise,tt0870154,movie,Jungle Cruise,Jungle Cruise,0,2021,\N,127,"Action,Adventure,Comedy",jungle cruise,both
2745,Kidnapped,tt0053994,movie,Kidnapped,Kidnapped,0,1959,\N,97,"Action,Adventure,Drama",kidnapped,both
2932,King Of The Grizzlies,tt0065943,movie,King of the Grizzlies,King of the Grizzlies,0,1970,\N,93,"Family,Western",king of the grizzlies,both
2933,Lady and the Tramp,tt0048280,movie,Lady and the Tramp,Lady and the Tramp,0,1955,\N,76,"Adventure,Animation,Comedy",lady and the tramp,both
2944,Lady and the Tramp,tt8096832,movie,Lady and the Tramp,Lady and the Tramp,0,2019,\N,111,"Adventure,Comedy,Family",lady and the tramp,both
2957,Let it Shine,tt7932304,movie,Let It Shine,Let It Shine,0,2018,\N,98,Family,let it shine,both
2958,Life-Size,tt0070131,movie,Lifesize,Grandeur nature,0,1974,\N,101,"Comedy,Drama,Fantasy",lifesize,both
2965,Lightyear,tt10298810,movie,Lightyear,Lightyear,0,2022,\N,\N,"Action,Adventure,Animation",lightyear,both
2966,Like Stars On Earth,tt0986264,movie,Like Stars on Earth,Taare Zameen Par,0,2007,\N,165,"Drama,Family",like stars on earth,both
2968,Lilo & Stitch,tt0275847,movie,Lilo & Stitch,Lilo & Stitch,0,2002,\N,85,"Adventure,Animation,Comedy",lilo  stitch,both
2971,Lilo & Stitch,tt11655566,movie,Lilo & Stitch,Lilo & Stitch,0,2024,\N,85,"Action,Adventure,Comedy",lilo  stitch,both
2983,"Lt. Robin Crusoe, U.S.N.",tt0060640,movie,"Lt. Robin Crusoe, U.S.N.","Lt. Robin Crusoe, U.S.N.",0,1966,\N,110,"Adventure,Comedy,Family",lt robin crusoe usn,both
2992,Luca,tt12801262,movie,Luca,Luca,0,2021,\N,95,"Adventure,Animation,Comedy",luca,both
3025,Make Mine Music,tt0038718,movie,Make Mine Music,Make Mine Music,0,1946,\N,75,"Adventure,Animation,Comedy",make mine music,both
3035,Maleficent,tt1587310,movie,Maleficent,Maleficent,0,2014,\N,97,"Adventure,Family,Fantasy",maleficent,both
3054,Maleficent: Mistress of Evil,tt4777008,movie,Maleficent: Mistress of Evil,Maleficent: Mistress of Evil,0,2019,\N,119,"Adventure,Family,Fantasy",maleficent mistress of evil,both
3056,Man of the House,tt0113755,movie,Man of the House,Man of the House,0,1995,\N,96,"Comedy,Family",man of the house,both
3092,Mars Needs Moms,tt1305591,movie,Mars Needs Moms,Mars Needs Moms,0,2010,\N,88,"Action,Adventure,Animation",mars needs moms,both
3099,Marvel Studios' Doctor Strange,tt1211837,movie,Doctor Strange,Doctor Strange,0,2016,\N,115,"Action,Adventure,Fantasy",doctor strange,both
3100,Marvel's Avengers: Age of Ultron,tt2395427,movie,Avengers: Age of Ultron,Avengers: Age of Ultron,0,2015,\N,141,"Action,Adventure,Sci-Fi",avengers age of ultron,both
3101,Marvel's Captain America: Winter Soldier,tt1843866,movie,Captain America: The Winter Soldier,Captain America: The Winter Soldier,0,2014,\N,136,"Action,Adventure,Sci-Fi",captain america the winter soldier,both
3105,Marvel's Iron Man 3,tt1300854,movie,Iron Man 3,Iron Man Three,0,2013,\N,130,"Action,Adventure,Sci-Fi",iron man 3,both
3106,Mary Poppins,tt0058331,movie,Mary Poppins,Mary Poppins,0,1964,\N,139,"Comedy,Family,Fantasy",mary poppins,both
3129,Mary Poppins Returns,tt5028340,movie,Mary Poppins Returns,Mary Poppins Returns,0,2018,\N,130,"Adventure,Comedy,Family",mary poppins returns,both
3139,Max Keeble's Big Move,tt0273799,movie,Max Keeble's Big Move,Max Keeble's Big Move,0,2001,\N,86,"Comedy,Crime,Family",max keebles big move,both
3140,"McFarland, USA",tt2097298,movie,"McFarland, USA","McFarland, USA",0,2015,\N,129,"Biography,Drama,Sport",mcfarland usa,both
3143,Meet The Deedles,tt0120645,movie,Meet the Deedles,Meet the Deedles,0,1998,\N,93,"Comedy,Family",meet the deedles,both
3144,Meet the Robinsons,tt0396555,movie,Meet the Robinsons,Meet the Robinsons,0,2007,\N,95,"Adventure,Animation,Comedy",meet the robinsons,both
3152,Melody Time,tt0040580,movie,Melody Time,Melody Time,0,1948,\N,75,"Animation,Comedy,Family",melody time,both
3168,Midnight Madness,tt0081159,movie,Midnight Madness,Midnight Madness,0,1980,\N,112,Comedy,midnight madness,both
3192,Mighty Joe Young,tt0041650,movie,Mighty Joe Young,Mighty Joe Young,0,1949,\N,94,"Adventure,Drama,Fantasy",mighty joe young,both
3193,Mighty Joe Young,tt0120751,movie,Mighty Joe Young,Mighty Joe Young,0,1998,\N,114,"Action,Adventure,Family",mighty joe young,both
3197,Million Dollar Arm,tt1647668,movie,Million Dollar Arm,Million Dollar Arm,0,2014,\N,124,"Biography,Drama,Sport",million dollar arm,both
3264,Miracle of the White Stallions,tt0057312,movie,Miracle of the White Stallions,Miracle of the White Stallions,0,1963,\N,118,"Adventure,Drama,Family",miracle of the white stallions,both
3271,Moana,tt3521164,movie,Moana,Moana,0,2016,\N,107,"Adventure,Animation,Comedy",moana,both
3282,"Monkeys, Go Home!",tt0061989,movie,"Monkeys, Go Home!","Monkeys, Go Home!",0,1967,\N,101,"Comedy,Family",monkeys go home,both
3283,Monsters University,tt1453405,movie,Monsters University,Monsters University,0,2013,\N,104,"Adventure,Animation,Comedy",monsters university,both
3295,"Monsters, Inc.",tt0198781,movie,"Monsters, Inc.","Monsters, Inc.",0,2001,\N,92,"Adventure,Animation,Comedy",monsters inc,both
3301,Moon Pilot,tt0056249,movie,Moon Pilot,Moon Pilot,0,1962,\N,98,"Comedy,Family,Sci-Fi",moon pilot,both
3302,Morning Light,tt1198405,movie,Morning Light,Morning Light,0,2008,\N,100,"Documentary,Sport",morning light,both
3310,Mr. Magoo,tt0119718,movie,Mr. Magoo,Mr. Magoo,0,1997,\N,87,"Adventure,Comedy,Family",mr magoo,both
3313,Mr. Toad's Wild Ride,tt0118172,movie,Mr. Toad's Wild Ride,The Wind in the Willows,0,1996,\N,88,"Adventure,Comedy,Family",mr toads wild ride,both
3315,Mulan,tt0120762,movie,Mulan,Mulan,0,1998,\N,88,"Adventure,Animation,Comedy",mulan,both
3328,Mulan,tt4566758,movie,Mulan,Mulan,0,2020,\N,115,"Action,Adventure,Drama",mulan,both
3340,Muppet Treasure Island,tt0117110,movie,Muppet Treasure Island,Muppet Treasure Island,0,1996,\N,99,"Action,Adventure,Comedy",muppet treasure island,both
3347,Muppets Most Wanted,tt2281587,movie,Muppets Most Wanted,Muppets Most Wanted,0,2014,\N,107,"Adventure,Comedy,Crime",muppets most wanted,both
3359,My Favorite Martian,tt0120764,movie,My Favorite Martian,My Favorite Martian,0,1999,\N,94,"Comedy,Family,Sci-Fi",my favorite martian,both
3362,My Neighbors The Yamadas,tt0206013,movie,My Neighbors the Yamadas,Hôhokekyo tonari no Yamada-kun,0,1999,\N,104,"Animation,Comedy,Family",my neighbors the yamadas,both
3364,Napoleon and Samantha,tt0068990,movie,Napoleon and Samantha,Napoleon and Samantha,0,1972,\N,92,"Adventure,Drama",napoleon and samantha,both
3366,National Treasure,tt0368891,movie,National Treasure,National Treasure,0,2004,\N,131,"Action,Adventure,Mystery",national treasure,both
3380,National Treasure,tt8292728,movie,National Treasure,Gui bao,0,1983,\N,96,Drama,national treasure,both
3382,National Treasure: Book of Secrets,tt0465234,movie,National Treasure: Book of Secrets,National Treasure: Book of Secrets,0,2007,\N,124,"Action,Adventure,Mystery",national treasure book of secrets,both
3387,Never a Dull Moment,tt0063341,movie,Never a Dull Moment,Never a Dull Moment,0,1968,\N,99,"Comedy,Crime,Family",never a dull moment,both
3394,Never Cry Wolf,tt0086005,movie,Never Cry Wolf,Never Cry Wolf,0,1983,\N,105,"Adventure,Drama",never cry wolf,both
3396,Newsies,tt0104990,movie,Newsies,Newsies,0,1992,\N,121,"Drama,Family,History",newsies,both
3402,Night Crossing,tt0082810,movie,Night Crossing,Night Crossing,0,1982,\N,107,"Drama,Family,History",night crossing,both
3404,"Nikki, Wild Dog of the North",tt0055232,movie,"Nikki, Wild Dog of the North","Nikki, Wild Dog of the North",0,1961,\N,74,"Adventure,Family",nikki wild dog of the north,both
3406,No Deposit No Return,tt0074968,movie,"No Deposit, No Return",No Deposit No Return,0,1976,\N,112,"Comedy,Family",no deposit no return,both
3415,"Now You See Him, Now You Don't",tt0069031,movie,"Now You See Him, Now You Don't","Now You See Him, Now You Don't",0,1972,\N,88,"Comedy,Family,Sci-Fi",now you see him now you dont,both
3425,Oceans,tt0765128,movie,Oceans,Océans,0,2009,\N,104,Documentary,oceans,both
3431,Oceans,tt1171257,movie,Oceans,Oceans,0,1971,\N,\N,"Documentary,Sport",oceans,both
3467,Old Dogs,tt0976238,movie,Old Dogs,Old Dogs,0,2009,\N,88,"Comedy,Family",old dogs,both
3475,Old Yeller,tt0050798,movie,Old Yeller,Old Yeller,0,1957,\N,83,"Adventure,Drama,Family",old yeller,both
3481,Oliver & Company,tt0095776,movie,Oliver & Company,Oliver & Company,0,1988,\N,74,"Adventure,Animation,Comedy",oliver  company,both
3523,Once Upon a Warrior,tt1621994,movie,Once Upon a Warrior,Anaganaga O Dheerudu,0,2011,\N,133,"Action,Adventure,Family",once upon a warrior,both
3524,One Little Indian,tt0070481,movie,One Little Indian,One Little Indian,0,1973,\N,90,"Comedy,Family,Western",one little indian,both
3530,One Magic Christmas,tt0089731,movie,One Magic Christmas,One Magic Christmas,0,1985,\N,89,"Family,Fantasy",one magic christmas,both
3531,One of Our Dinosaurs Is Missing,tt0075016,movie,One of Our Dinosaurs Is Missing,One of Our Dinosaurs Is Missing,0,1975,\N,94,"Adventure,Comedy,Family",one of our dinosaurs is missing,both
3556,Onward,tt7146812,movie,Onward,Onward,0,2020,\N,102,"Adventure,Animation,Comedy",onward,both
3559,Operation Dumbo Drop,tt0114048,movie,Operation Dumbo Drop,Operation Dumbo Drop,0,1995,\N,107,"Action,Adventure,Comedy",operation dumbo drop,both
3560,Oz the Great and Powerful,tt1623205,movie,Oz the Great and Powerful,Oz the Great and Powerful,0,2013,\N,130,"Adventure,Family,Fantasy",oz the great and powerful,both
3582,Peter Pan,tt0046183,movie,Peter Pan,Peter Pan,0,1953,\N,77,"Adventure,Animation,Family",peter pan,both
3610,Pete's Dragon,tt0076538,movie,Pete's Dragon,Pete's Dragon,0,1977,\N,128,"Adventure,Animation,Comedy",petes dragon,both
3612,Pete's Dragon,tt2788732,movie,Pete's Dragon,Pete's Dragon,0,2016,\N,102,"Action,Adventure,Comedy",petes dragon,both
3620,Pinocchio,tt0032910,movie,Pinocchio,Pinocchio,0,1940,\N,88,"Adventure,Animation,Comedy",pinocchio,both
3682,Pirates of the Caribbean: At World's End,tt0449088,movie,Pirates of the Caribbean: At World's End,Pirates of the Caribbean: At World's End,0,2007,\N,169,"Action,Adventure,Fantasy",pirates of the caribbean at worlds end,both
3688,Pirates of the Caribbean: Dead Man's Chest,tt0383574,movie,Pirates of the Caribbean: Dead Man's Chest,Pirates of the Caribbean: Dead Man's Chest,0,2006,\N,151,"Action,Adventure,Fantasy",pirates of the caribbean dead mans chest,both
3694,Pirates of the Caribbean: Dead Men Tell No Tales,tt1790809,movie,Pirates of the Caribbean: Dead Men Tell No Tales,Pirates of the Caribbean: Dead Men Tell No Tales,0,2017,\N,129,"Action,Adventure,Fantasy",pirates of the caribbean dead men tell no tales,both
3705,Pirates of the Caribbean: On Stranger Tides,tt1298650,movie,Pirates of the Caribbean: On Stranger Tides,Pirates of the Caribbean: On Stranger Tides,0,2011,\N,137,"Action,Adventure,Fantasy",pirates of the caribbean on stranger tides,both
3711,Pirates of the Caribbean: The Curse of the Black Pearl,tt0325980,movie,Pirates of the Caribbean: The Curse of the Black Pearl,Pirates of the Caribbean: The Curse of the Black Pearl,0,2003,\N,143,"Action,Adventure,Fantasy",pirates of the caribbean the curse of the black pearl,both
3718,Planes,tt1691917,movie,Planes,Planes,0,2013,\N,91,"Adventure,Animation,Comedy",planes,both
3738,Planes: Fire & Rescue,tt2980706,movie,Planes: Fire & Rescue,Planes: Fire & Rescue,0,2014,\N,83,"Adventure,Animation,Comedy",planes fire  rescue,both
3742,Pocahontas,tt0114148,movie,Pocahontas,Pocahontas,0,1995,\N,81,"Adventure,Animation,Drama",pocahontas,both
3771,Polly,tt1924347,movie,Polly,Polly,0,2010,\N,50,Horror,polly,both
3787,Pollyanna,tt0054195,movie,Pollyanna,Pollyanna,0,1920,\N,58,"Comedy,Drama,Family",pollyanna,both
3788,Pollyanna,tt0054195,movie,Pollyanna,Pollyanna,0,1960,\N,134,"Comedy,Drama,Family",pollyanna,both
3794,Prince of Persia: The Sands of Time,tt0473075,movie,Prince of Persia: The Sands of Time,Prince of Persia: The Sands of Time,0,2010,\N,116,"Action,Adventure,Fantasy",prince of persia the sands of time,both
3818,Prom,tt1604171,movie,Prom,Prom,0,2011,\N,104,"Comedy,Drama,Family",prom,both
3853,Queen of Katwe,tt4341582,movie,Queen of Katwe,Queen of Katwe,0,2016,\N,124,"Biography,Drama,Sport",queen of katwe,both
3854,Race To Witch Mountain,tt1075417,movie,Race to Witch Mountain,Race to Witch Mountain,0,2009,\N,98,"Action,Adventure,Family",race to witch mountain,both
3857,Ralph Breaks the Internet: Wreck-It Ralph 2,tt5848272,movie,Ralph Breaks the Internet,Ralph Breaks the Internet,0,2018,\N,112,"Adventure,Animation,Comedy",ralph breaks the internet,both
3858,Rascal,tt0064875,movie,Rascal,Rascal,0,1969,\N,85,"Drama,Family",rascal,both
3872,Ratatouille,tt0382932,movie,Ratatouille,Ratatouille,0,2007,\N,111,"Adventure,Animation,Comedy",ratatouille,both
3889,Raya and the Last Dragon,tt5109280,movie,Raya and the Last Dragon,Raya and the Last Dragon,0,2021,\N,107,"Action,Adventure,Animation",raya and the last dragon,both
3894,Recess: School's Out,tt0265632,movie,Recess: School's Out,Recess: School's Out,0,2001,\N,82,"Adventure,Animation,Comedy",recess schools out,both
3896,Remember the Titans,tt0210945,movie,Remember the Titans,Remember the Titans,0,2000,\N,113,"Biography,Drama,Sport",remember the titans,both
3899,Return from Witch Mountain,tt0078158,movie,Return from Witch Mountain,Return from Witch Mountain,0,1978,\N,95,"Adventure,Family,Fantasy",return from witch mountain,both
3903,Return to Never Land,tt0280030,movie,Peter Pan 2: Return to Never Land,Return to Never Land,0,2002,\N,72,"Adventure,Animation,Family",peter pan 2 return to never land,both
3905,Return to Oz,tt0089908,movie,Return to Oz,Return to Oz,0,1985,\N,113,"Adventure,Family,Fantasy",return to oz,both
3916,Return to Snowy River,tt0095993,movie,Return to Snowy River,The Man from Snowy River II,0,1988,\N,110,"Adventure,Drama,Western",return to snowy river,both
3917,Ride a Wild Pony,tt0075141,movie,Ride a Wild Pony,Ride a Wild Pony,0,1975,\N,91,"Adventure,Family",ride a wild pony,both
3930,Rio,tt1436562,movie,Rio,Rio,0,2011,\N,96,"Adventure,Animation,Comedy",rio,both
3962,Rio 2,tt2357291,movie,Rio 2,Rio 2,0,2014,\N,101,"Adventure,Animation,Comedy",rio 2,both
3969,Rob Roy: The Highland Rogue,tt0046246,movie,Rob Roy: The Highland Rogue,Rob Roy: The Highland Rogue,0,1953,\N,81,"Adventure,Biography,Drama",rob roy the highland rogue,both
3973,Robin Hood,tt0070608,movie,Robin Hood,Robin Hood,0,1973,\N,83,"Adventure,Animation,Comedy",robin hood,both
4042,Robots,tt0358082,movie,Robots,Robots,0,2005,\N,91,"Adventure,Animation,Comedy",robots,both
4109,RocketMan,tt0120029,movie,RocketMan,RocketMan,0,1997,\N,95,"Comedy,Family,Sci-Fi",rocketman,both
4131,Rogue One: A Star Wars Story,tt3748528,movie,Rogue One: A Star Wars Story,Rogue One,0,2016,\N,133,"Action,Adventure,Sci-Fi",rogue one a star wars story,both
4153,Santa Paws 2: The Santa Pups,tt2414212,movie,Santa Paws 2: The Santa Pups,Santa Paws 2: The Santa Pups,0,2012,\N,88,"Adventure,Family",santa paws 2 the santa pups,both
4154,Savage Sam,tt0057473,movie,Savage Sam,Savage Sam,0,1963,\N,103,"Adventure,Drama,Family",savage sam,both
4156,Saving Mr. Banks,tt2140373,movie,Saving Mr. Banks,Saving Mr. Banks,0,2013,\N,125,"Biography,Comedy,Drama",saving mr banks,both
4162,Scandalous John,tt0067712,movie,Scandalous John,Scandalous John,0,1971,\N,113,"Comedy,Drama,Family",scandalous john,both
4164,Secretariat,tt1028576,movie,Secretariat,Secretariat,0,2010,\N,123,"Biography,Drama,Family",secretariat,both
4172,Secrets of Life,tt0049733,movie,Secrets of Life,Secrets of Life,0,1956,\N,70,"Documentary,Family",secrets of life,both
4173,Secrets of Life,tt2064925,movie,Secrets of Life,Secrets of Life,0,2009,\N,100,Documentary,secrets of life,both
4180,Shang-Chi and The Legend of The Ten Rings,tt9376612,movie,Shang-Chi and the Legend of the Ten Rings,Shang-Chi and the Legend of the Ten Rings,0,2021,\N,132,"Action,Adventure,Fantasy",shangchi and the legend of the ten rings,both
4183,Shipwrecked,tt0099816,movie,Shipwrecked,Shipwrecked,0,1926,\N,74,"Adventure,Drama,Romance",shipwrecked,both
4184,Shipwrecked,tt0099816,movie,Shipwrecked,Haakon Haakonsen,0,1990,\N,92,"Adventure,Family",shipwrecked,both
4238,Sky High,tt0405325,movie,Sky High,Sky High,0,2005,\N,100,"Action,Comedy,Family",sky high,both
4271,Sleeping Beauty (1959),tt0053285,movie,Sleeping Beauty,Sleeping Beauty,0,1959,\N,75,"Adventure,Animation,Family",sleeping beauty,both
4280,Smith!,tt0065003,movie,Smith!,Smith!,0,1969,\N,112,"Drama,Family,Western",smith,both
4299,Snow Dogs,tt0281373,movie,Snow Dogs,Snow Dogs,0,2002,\N,99,"Adventure,Comedy,Family",snow dogs,both
4301,Snow White and the Seven Dwarfs,tt0029583,movie,Snow White and the Seven Dwarfs,Snow White and the Seven Dwarfs,0,1937,\N,83,"Adventure,Animation,Family",snow white and the seven dwarfs,both
4317,Snowball Express,tt0069291,movie,Snowball Express,Snowball Express,0,1972,\N,93,"Comedy,Family",snowball express,both
4319,So Dear To My Heart,tt0041890,movie,So Dear to My Heart,So Dear to My Heart,0,1948,\N,79,"Animation,Drama,Family",so dear to my heart,both
4331,Solo: A Star Wars Story,tt3778644,movie,Solo: A Star Wars Story,Solo: A Star Wars Story,0,2018,\N,135,"Action,Adventure,Sci-Fi",solo a star wars story,both
4349,Something Wicked This Way Comes,tt0086336,movie,Something Wicked This Way Comes,Something Wicked This Way Comes,0,1983,\N,95,"Fantasy,Mystery,Thriller",something wicked this way comes,both
4375,Son of Flubber,tt0057518,movie,Son of Flubber,Son of Flubber,0,1963,\N,100,"Comedy,Family,Sci-Fi",son of flubber,both
4412,Soul,tt2948372,movie,Soul,Soul,0,2020,\N,100,"Adventure,Animation,Comedy",soul,both
4429,Sounder,tt0069303,movie,Sounder,Sounder,0,1972,\N,105,"Drama,Family",sounder,both
4436,Spies in Disguise,tt5814534,movie,Spies in Disguise,Spies in Disguise,0,2019,\N,102,"Action,Adventure,Animation",spies in disguise,both
4437,Squanto: A Warrior's Tale,tt0111271,movie,Squanto: A Warrior's Tale,Squanto: A Warrior's Tale,0,1994,\N,102,"Adventure,Biography,Drama",squanto a warriors tale,both
4573,Summer Magic,tt0057542,movie,Summer Magic,Summer Magic,0,1963,\N,110,"Comedy,Family,Musical",summer magic,both
4576,Superdad,tt0070716,movie,Superdad,Superdad,0,1973,\N,96,"Comedy,Family",superdad,both
4588,Swiss Family Robinson,tt0054357,movie,Swiss Family Robinson,Swiss Family Robinson,0,1960,\N,126,"Adventure,Family",swiss family robinson,both
4600,Tall Tale: The Unbelievable Adventure,tt0111359,movie,Tall Tale,Tall Tale,0,1995,\N,96,"Adventure,Family,Fantasy",tall tale,both
4606,Tangled,tt0398286,movie,Tangled,Tangled,0,2010,\N,100,"Adventure,Animation,Comedy",tangled,both
4636,Tarzan,tt0120855,movie,Tarzan,Tarzan,0,1999,\N,88,"Adventure,Animation,Comedy",tarzan,both
4646,Tarzan,tt1705952,movie,Tarzan,Tarzan,0,2013,\N,94,"Action,Adventure,Animation",tarzan,both
4659,Teacher's Pet,tt0350194,movie,Teacher's Pet,Teacher's Pet,0,2004,\N,73,"Adventure,Animation,Comedy",teachers pet,both
4767,Ten Who Dared,tt0054372,movie,Ten Who Dared,Ten Who Dared,0,1960,\N,92,"Adventure,Family,Western",ten who dared,both
4769,Tex,tt0084783,movie,Tex,Tex,0,1982,\N,103,Drama,tex,both
4779,That Darn Cat,tt0059793,movie,That Darn Cat!,That Darn Cat!,0,1965,\N,116,"Comedy,Crime,Family",that darn cat,both
4780,That Darn Cat,tt0120317,movie,That Darn Cat,That Darn Cat,0,1997,\N,89,"Action,Comedy,Crime",that darn cat,both
4791,The Adventures Of Bullwhip Griffin,tt0061333,movie,The Adventures of Bullwhip Griffin,The Adventures of Bullwhip Griffin,0,1967,\N,108,"Action,Adventure,Comedy",the adventures of bullwhip griffin,both
4792,The Adventures of Huck Finn,tt0106223,movie,The Adventures of Huck Finn,The Adventures of Huck Finn,0,1993,\N,108,"Adventure,Comedy,Drama",the adventures of huck finn,both
4794,The Adventures of Huck Finn,tt2081266,movie,The Adventures of Huck Finn,Die Abenteuer des Huck Finn,0,2012,\N,99,"Adventure,Family",the adventures of huck finn,both
4795,The Adventures Of Ichabod And Mr. Toad,tt0041094,movie,The Adventures of Ichabod and Mr. Toad,The Adventures of Ichabod and Mr. Toad,0,1949,\N,68,"Animation,Comedy,Family",the adventures of ichabod and mr toad,both
4797,The African Lion,tt0047803,movie,The African Lion,The African Lion,0,1955,\N,75,"Documentary,Family",the african lion,both
4798,The Apple Dumpling Gang,tt0072653,movie,The Apple Dumpling Gang,The Apple Dumpling Gang,0,1975,\N,100,"Comedy,Family,Western",the apple dumpling gang,both
4800,The Apple Dumpling Gang Rides Again,tt0078790,movie,The Apple Dumpling Gang Rides Again,The Apple Dumpling Gang Rides Again,0,1979,\N,88,"Comedy,Family,Western",the apple dumpling gang rides again,both
4801,The Aristocats,tt0065421,movie,The Aristocats,The AristoCats,0,1970,\N,78,"Adventure,Animation,Comedy",the aristocats,both
4805,The Barefoot Executive,tt0066811,movie,The Barefoot Executive,The Barefoot Executive,0,1971,\N,96,"Comedy,Family",the barefoot executive,both
4807,The Bears And I,tt0071199,movie,The Bears and I,The Bears and I,0,1974,\N,89,"Drama,Family",the bears and i,both
4811,The BFG,tt3691740,movie,The BFG,The BFG,0,2016,\N,117,"Adventure,Family,Fantasy",the bfg,both
4819,The Big Green,tt0112499,movie,The Big Green,The Big Green,0,1995,\N,100,"Comedy,Family,Sport",the big green,both
4822,The Biscuit Eater,tt0032254,movie,The Biscuit Eater,The Biscuit Eater,0,1940,\N,81,"Drama,Family",the biscuit eater,both
4823,The Biscuit Eater,tt0068276,movie,The Biscuit Eater,The Biscuit Eater,0,1972,\N,90,"Drama,Family",the biscuit eater,both
4824,The Black Cauldron,tt0088814,movie,The Black Cauldron,The Black Cauldron,0,1985,\N,80,"Action,Adventure,Animation",the black cauldron,both
4832,The Black Hole,tt0078869,movie,The Black Hole,The Black Hole,0,1979,\N,98,"Action,Sci-Fi",the black hole,both
4855,The Boatniks,tt0065482,movie,The Boatniks,The Boatniks,0,1970,\N,99,"Comedy,Family",the boatniks,both
4858,The Boys: The Sherman Brothers' Story,tt1015971,movie,The Boys,The Boys: The Sherman Brothers' Story,0,2009,\N,101,Documentary,the boys,both
4859,The Brave Little Toaster,tt0092695,movie,The Brave Little Toaster,The Brave Little Toaster,0,1987,\N,90,"Adventure,Animation,Family",the brave little toaster,both
4869,The Castaway Cowboy,tt0071288,movie,The Castaway Cowboy,The Castaway Cowboy,0,1974,\N,91,"Comedy,Family,Western",the castaway cowboy,both
4871,The Cat from Outer Space,tt0077305,movie,The Cat from Outer Space,The Cat from Outer Space,0,1978,\N,104,"Comedy,Family,Sci-Fi",the cat from outer space,both
4879,The Christmas Star,tt0090840,movie,The Christmas Star,The Christmas Star,0,1986,\N,94,"Drama,Family",the christmas star,both
4885,The Chronicles of Narnia: Prince Caspian,tt0499448,movie,The Chronicles of Narnia: Prince Caspian,The Chronicles of Narnia: Prince Caspian,0,2008,\N,150,"Action,Adventure,Family",the chronicles of narnia prince caspian,both
4891,The Computer Wore Tennis Shoes,tt0065566,movie,The Computer Wore Tennis Shoes,The Computer Wore Tennis Shoes,0,1969,\N,91,"Comedy,Family,Sci-Fi",the computer wore tennis shoes,both
4893,The Country Bears,tt0276033,movie,The Country Bears,The Country Bears,0,2002,\N,88,"Comedy,Family,Music",the country bears,both
4901,The Crimson Wing: Mystery of the Flamingos,tt0902967,movie,The Crimson Wing: Mystery of the Flamingos,The Crimson Wing: Mystery of the Flamingos,0,2008,\N,78,Documentary,the crimson wing mystery of the flamingos,both
4902,The Devil and Max Devlin,tt0082263,movie,The Devil and Max Devlin,The Devil and Max Devlin,0,1981,\N,96,"Comedy,Family,Fantasy",the devil and max devlin,both
4905,The Duke,tt0196516,movie,The Duke,The Duke,0,1999,\N,88,"Comedy,Drama,Family",the duke,both
4924,The Emperor's New Groove,tt0120917,movie,The Emperor's New Groove,The Emperor's New Groove,0,2000,\N,78,"Adventure,Animation,Comedy",the emperors new groove,both
4936,The Fighting Prince of Donegal,tt0060408,movie,The Fighting Prince of Donegal,The Fighting Prince of Donegal,0,1966,\N,110,"Adventure,Biography,Family",the fighting prince of donegal,both
4937,The Finest Hours,tt0058099,movie,The Finest Hours,The Finest Hours,0,1964,\N,116,"Biography,Documentary,War",the finest hours,both
4938,The Finest Hours,tt2025690,movie,The Finest Hours,The Finest Hours,0,2016,\N,117,"Action,Drama,History",the finest hours,both
4940,The Fox and the Hound,tt0082406,movie,The Fox and the Hound,The Fox and the Hound,0,1981,\N,83,"Adventure,Animation,Drama",the fox and the hound,both
4951,The Game Plan,tt0492956,movie,The Game Plan,The Game Plan,0,2007,\N,110,"Comedy,Family,Sport",the game plan,both
4963,The Gnome-Mobile,tt0061715,movie,The Gnome-Mobile,The Gnome-Mobile,0,1967,\N,84,"Adventure,Family,Fantasy",the gnomemobile,both
4966,The Good Dinosaur,tt1979388,movie,The Good Dinosaur,The Good Dinosaur,0,2015,\N,93,"Adventure,Animation,Comedy",the good dinosaur,both
4976,The Great Locomotive Chase,tt0049279,movie,The Great Locomotive Chase,The Great Locomotive Chase,0,1956,\N,85,"Action,Adventure,Family",the great locomotive chase,both
4977,The Great Mouse Detective,tt0091149,movie,The Great Mouse Detective,The Great Mouse Detective,0,1986,\N,74,"Adventure,Animation,Family",the great mouse detective,both
4983,The Great Muppet Caper,tt0082474,movie,The Great Muppet Caper,The Great Muppet Caper,0,1981,\N,97,"Adventure,Comedy,Crime",the great muppet caper,both
4986,The Greatest Game Ever Played,tt0388980,movie,The Greatest Game Ever Played,The Greatest Game Ever Played,0,2005,\N,120,"Biography,Drama,Sport",the greatest game ever played,both
4990,The Happiest Millionaire,tt0061749,movie,The Happiest Millionaire,The Happiest Millionaire,0,1967,\N,141,"Comedy,Family,Musical",the happiest millionaire,both
4992,The Haunted Mansion,tt0338094,movie,The Haunted Mansion,The Haunted Mansion,0,2003,\N,99,"Comedy,Family,Fantasy",the haunted mansion,both
5000,The Horse In The Gray Flannel Suit,tt0063091,movie,The Horse in the Gray Flannel Suit,The Horse in the Gray Flannel Suit,0,1968,\N,113,"Comedy,Drama,Family",the horse in the gray flannel suit,both
5005,The Hunchback of Notre Dame,tt0116583,movie,The Hunchback of Notre Dame,The Hunchback of Notre Dame,0,1996,\N,91,"Animation,Drama,Family",the hunchback of notre dame,both
5039,The Incredible Journey,tt0057180,movie,The Incredible Journey,The Incredible Journey,0,1963,\N,80,"Adventure,Drama,Family",the incredible journey,both
5047,The Incredibles,tt0317705,movie,The Incredibles,The Incredibles,0,2004,\N,115,"Action,Adventure,Animation",the incredibles,both
5056,The Island at the Top of the World,tt0071671,movie,The Island at the Top of the World,The Island at the Top of the World,0,1974,\N,93,"Adventure,Family,Fantasy",the island at the top of the world,both
5057,The Journey of Natty Gann,tt0089385,movie,The Journey of Natty Gann,The Journey of Natty Gann,0,1985,\N,101,"Adventure,Family",the journey of natty gann,both
5069,The Jungle Book 2,tt0283426,movie,The Jungle Book 2,The Jungle Book 2,0,2003,\N,72,"Adventure,Animation,Comedy",the jungle book 2,both
5076,The Kid,tt0219854,movie,The Kid,The Kid,0,2000,\N,104,"Comedy,Family,Fantasy",the kid,both
5145,The Last Flight Of Noah's Ark,tt0081031,movie,The Last Flight of Noah's Ark,The Last Flight of Noah's Ark,0,1980,\N,97,"Adventure,Family",the last flight of noahs ark,both
5146,The Legend of Lobo,tt0056173,movie,The Legend of Lobo,The Legend of Lobo,0,1962,\N,67,"Adventure,Family",the legend of lobo,both
5147,The Light in the Forest,tt0051864,movie,The Light in the Forest,The Light in the Forest,0,1958,\N,83,"Adventure,Drama,Family",the light in the forest,both
5149,The Lion King,tt0110357,movie,The Lion King,The Lion King,0,1994,\N,88,"Adventure,Animation,Drama",the lion king,both
5179,The Lion King,tt6105098,movie,The Lion King,The Lion King,0,2019,\N,118,"Adventure,Animation,Drama",the lion king,both
5193,The Little Mermaid,tt0097757,movie,The Little Mermaid,The Little Mermaid,0,1989,\N,83,"Adventure,Animation,Comedy",the little mermaid,both
5238,The Littlest Horse Thieves,tt0076320,movie,The Littlest Horse Thieves,Escape from the Dark,0,1976,\N,104,"Drama,Family",the littlest horse thieves,both
5239,The Littlest Outlaw,tt0048304,movie,The Littlest Outlaw,The Littlest Outlaw,0,1955,\N,73,"Drama,Family",the littlest outlaw,both
5240,The Living Desert,tt0046008,movie,The Living Desert,The Living Desert,0,1953,\N,69,"Documentary,Family",the living desert,both
5242,The Lizzie McGuire Movie,tt0306841,movie,The Lizzie McGuire Movie,The Lizzie McGuire Movie,0,2003,\N,94,"Adventure,Comedy,Family",the lizzie mcguire movie,both
5253,The Lone Ranger,tt1210819,movie,The Lone Ranger,The Lone Ranger,0,2013,\N,150,"Action,Adventure,Western",the lone ranger,both
5266,The Love Bug,tt0064603,movie,The Love Bug,The Love Bug,0,1968,\N,108,"Comedy,Family,Sport",the love bug,both
5280,The Many Adventures of Winnie the Pooh,tt0076363,movie,The Many Adventures of Winnie the Pooh,The Many Adventures of Winnie the Pooh,0,1977,\N,74,"Adventure,Animation,Comedy",the many adventures of winnie the pooh,both
5282,The Mighty Ducks,tt0104868,movie,The Mighty Ducks,The Mighty Ducks,0,1992,\N,104,"Comedy,Drama,Family",the mighty ducks,both
5286,The Million Dollar Duck,tt0066728,movie,The Million Dollar Duck,The Million Dollar Duck,0,1971,\N,89,"Comedy,Family,Sci-Fi",the million dollar duck,both
5287,The Million Dollar Duck,tt5372452,movie,The Million Dollar Duck,The Million Dollar Duck,0,2016,\N,71,Documentary,the million dollar duck,both
5297,The Misadventures of Merlin Jones,tt0058355,movie,The Misadventures of Merlin Jones,The Misadventures of Merlin Jones,0,1964,\N,91,"Comedy,Family,Sci-Fi",the misadventures of merlin jones,both
5298,The Monkey's Uncle,tt0059462,movie,The Monkey's Uncle,The Monkey's Uncle,0,1965,\N,91,"Comedy,Family,Sci-Fi",the monkeys uncle,both
5302,The Moon-Spinners,tt0058371,movie,The Moon-Spinners,The Moon-Spinners,0,1964,\N,118,"Adventure,Family,Mystery",the moonspinners,both
5303,The Muppet Christmas Carol,tt0104940,movie,The Muppet Christmas Carol,The Muppet Christmas Carol,0,1992,\N,85,"Comedy,Drama,Family",the muppet christmas carol,both
5315,The Muppets,tt1204342,movie,The Muppets,The Muppets,0,2011,\N,120,"Adventure,Comedy,Family",the muppets,both
5354,The North Avenue Irregulars,tt0079639,movie,The North Avenue Irregulars,The North Avenue Irregulars,0,1979,\N,100,"Action,Comedy,Crime",the north avenue irregulars,both
5356,The Nutcracker and the Four Realms,tt5523010,movie,The Nutcracker and the Four Realms,The Nutcracker and the Four Realms,0,2018,\N,99,"Adventure,Family,Fantasy",the nutcracker and the four realms,both
5360,The Odd Life of Timothy Green,tt1462769,movie,The Odd Life of Timothy Green,The Odd Life of Timothy Green,0,2012,\N,105,"Comedy,Drama,Family",the odd life of timothy green,both
5365,"The One and Only, Genuine, Original Family Band",tt0063389,movie,"The One and Only, Genuine, Original Family Band","The One and Only, Genuine, Original Family Band",0,1968,\N,110,"Comedy,Drama,Family",the one and only genuine original family band,both
5366,The Other Side of Heaven,tt0250371,movie,The Other Side of Heaven,The Other Side of Heaven,0,2001,\N,113,"Adventure,Biography,Drama",the other side of heaven,both
5367,The Pacifier,tt0395699,movie,The Pacifier,The Pacifier,0,2005,\N,95,"Action,Comedy,Drama",the pacifier,both
5369,The Parent Trap,tt0055277,movie,The Parent Trap,The Parent Trap,0,1961,\N,129,"Comedy,Family,Romance",the parent trap,both
5370,The Parent Trap,tt0120783,movie,The Parent Trap,The Parent Trap,0,1998,\N,128,"Adventure,Comedy,Drama",the parent trap,both
5412,The Peanuts Movie,tt2452042,movie,The Peanuts Movie,The Peanuts Movie,0,2015,\N,88,"Adventure,Animation,Comedy",the peanuts movie,both
5431,The Pixar Story,tt1059955,movie,The Pixar Story,The Pixar Story,0,2007,\N,88,Documentary,the pixar story,both
5432,The Princess and the Frog,tt0780521,movie,The Princess and the Frog,The Princess and the Frog,0,2009,\N,97,"Adventure,Animation,Comedy",the princess and the frog,both
5445,The Princess Diaries,tt0247638,movie,The Princess Diaries,The Princess Diaries,0,2001,\N,115,"Comedy,Family,Romance",the princess diaries,both
5450,The Princess Diaries 2: Royal Engagement,tt0368933,movie,The Princess Diaries 2: Royal Engagement,The Princess Diaries 2: Royal Engagement,0,2004,\N,113,"Comedy,Family,Romance",the princess diaries 2 royal engagement,both
5454,The Reluctant Dragon,tt0034091,movie,The Reluctant Dragon,The Reluctant Dragon,0,1941,\N,74,"Animation,Comedy,Family",the reluctant dragon,both
5465,The Rescuers,tt0076618,movie,The Rescuers,The Rescuers,0,1977,\N,78,"Adventure,Animation,Comedy",the rescuers,both
5468,The Rescuers,tt1346308,movie,The Rescuers,The Rescuers,0,2011,\N,94,Documentary,the rescuers,both
5481,The Rescuers Down Under,tt0100477,movie,The Rescuers Down Under,The Rescuers Down Under,0,1990,\N,77,"Adventure,Animation,Comedy",the rescuers down under,both
5486,The Rocketeer,tt0102803,movie,The Rocketeer,The Rocketeer,0,1991,\N,108,"Action,Adventure,Family",the rocketeer,both
5499,The Rookie,tt0265662,movie,The Rookie,The Rookie,0,2002,\N,127,"Drama,Family,Sport",the rookie,both
5530,The Santa Clause,tt0111070,movie,The Santa Clause,The Santa Clause,0,1994,\N,97,"Comedy,Drama,Family",the santa clause,both
5539,The Santa Clause 2,tt0304669,movie,The Santa Clause 2,The Santa Clause 2,0,2002,\N,104,"Comedy,Family,Fantasy",the santa clause 2,both
5541,The Santa Clause 3: The Escape Clause,tt0452681,movie,The Santa Clause 3: The Escape Clause,The Santa Clause 3: The Escape Clause,0,2006,\N,97,"Adventure,Comedy,Family",the santa clause 3 the escape clause,both
5546,The Secret of The Magic Gourd,tt0496386,movie,The Secret of the Magic Gourd,Bao hu lu de mi mi,0,2007,\N,84,"Drama,Family",the secret of the magic gourd,both
5547,The Secret of The Magic Gourd,tt6476724,movie,The Secret of the Magic Gourd,Bao hu lu de bi mi,0,1963,\N,68,"Comedy,Drama,Fantasy",the secret of the magic gourd,both
5548,The Shaggy D.A.,tt0075200,movie,The Shaggy D.A.,The Shaggy D.A.,0,1976,\N,91,"Comedy,Family,Fantasy",the shaggy da,both
5550,The Shaggy Dog,tt0053271,movie,The Shaggy Dog,The Shaggy Dog,0,1959,\N,104,"Comedy,Family,Fantasy",the shaggy dog,both
5552,The Shaggy Dog,tt0393735,movie,The Shaggy Dog,The Shaggy Dog,0,2006,\N,98,"Comedy,Family,Fantasy",the shaggy dog,both
5556,The Sign of Zorro,tt0054307,movie,The Sign of Zorro,The Sign of Zorro,0,1958,\N,91,"Adventure,Drama,Family",the sign of zorro,both
5567,The Sorcerer's Apprentice,tt0963966,movie,The Sorcerer's Apprentice,The Sorcerer's Apprentice,0,2010,\N,109,"Action,Adventure,Family",the sorcerers apprentice,both
5585,The Story of Robin Hood and His Merrie Men,tt0045197,movie,The Story of Robin Hood and His Merrie Men,The Story of Robin Hood and His Merrie Men,0,1952,\N,84,"Action,Adventure,Family",the story of robin hood and his merrie men,both
5586,The Straight Story,tt0166896,movie,The Straight Story,The Straight Story,0,1999,\N,112,"Biography,Drama",the straight story,both
5589,The Strongest Man in the World,tt0073760,movie,The Strongest Man in the World,The Strongest Man in the World,0,1975,\N,92,"Comedy,Family,Sci-Fi",the strongest man in the world,both
5595,The Sword and the Rose,tt0046387,movie,The Sword and the Rose,The Sword and the Rose,0,1953,\N,92,"Adventure,Drama,Family",the sword and the rose,both
5596,The Sword and the Rose,tt1686635,movie,The Sword and the Rose,A Espada e a Rosa,0,2010,\N,142,"Adventure,Drama,Fantasy",the sword and the rose,both
5597,The Sword in the Stone,tt0057546,movie,The Sword in the Stone,The Sword in the Stone,0,1963,\N,79,"Adventure,Animation,Comedy",the sword in the stone,both
5602,The Sword in the Stone,tt4872762,movie,The Sword in the Stone,The Sword in the Stone,0,2024,\N,\N,"Action,Adventure,Family",the sword in the stone,both
5604,The Three Caballeros,tt0038166,movie,The Three Caballeros,The Three Caballeros,0,1944,\N,71,"Animation,Comedy,Family",the three caballeros,both
5608,The Three Lives Of Thomasina,tt0057579,movie,The Three Lives of Thomasina,The Three Lives of Thomasina,0,1963,\N,97,"Drama,Family",the three lives of thomasina,both
5620,The Three Musketeers,tt0108333,movie,The Three Musketeers,The Three Musketeers,0,1993,\N,105,"Action,Adventure,Comedy",the three musketeers,both
5678,The Tigger Movie,tt0220099,movie,The Tigger Movie,The Tigger Movie,0,2000,\N,77,"Adventure,Animation,Comedy",the tigger movie,both
5680,The Ugly Dachshund,tt0061135,movie,The Ugly Dachshund,The Ugly Dachshund,0,1966,\N,93,"Comedy,Family",the ugly dachshund,both
5681,The Vanishing Prairie,tt0047642,movie,The Vanishing Prairie,The Vanishing Prairie,0,1954,\N,71,"Documentary,Family",the vanishing prairie,both
5683,The Watcher in the Woods,tt0081738,movie,The Watcher in the Woods,The Watcher in the Woods,0,1980,\N,84,"Family,Horror,Mystery",the watcher in the woods,both
5687,The Wild,tt0405469,movie,The Wild,The Wild,0,2006,\N,95,"Adventure,Animation,Comedy",the wild,both
5700,The Wild Country,tt0067985,movie,The Wild Country,The Wild Country,0,1970,\N,100,"Action,Adventure,Comedy",the wild country,both
5701,The World's Greatest Athlete,tt0070928,movie,The World's Greatest Athlete,The World's Greatest Athlete,0,1973,\N,93,"Comedy,Family,Romance",the worlds greatest athlete,both
5702,The Young Black Stallion,tt0318850,movie,The Young Black Stallion,The Young Black Stallion,0,2003,\N,50,"Adventure,Drama,Family",the young black stallion,both
5703,Third Man on the Mountain,tt0053352,movie,Third Man on the Mountain,Third Man on the Mountain,0,1959,\N,107,"Adventure,Drama,Family",third man on the mountain,both
5707,Thor Ragnarok,tt3501632,movie,Thor: Ragnarok,Thor: Ragnarok,0,2017,\N,130,"Action,Adventure,Comedy",thor ragnarok,both
5720,Those Calloways,tt0059796,movie,Those Calloways,Those Calloways,0,1965,\N,131,"Drama,Family",those calloways,both
5722,Toby Tyler,tt0054390,movie,Toby Tyler or Ten Weeks with a Circus,Toby Tyler or Ten Weeks with a Circus,0,1960,\N,96,"Drama,Family",toby tyler or ten weeks with a circus,both
5723,Tom and Huck,tt0112302,movie,Tom and Huck,Tom and Huck,0,1995,\N,97,"Adventure,Comedy,Drama",tom and huck,both
5731,Tomorrowland,tt1964418,movie,Tomorrowland,Tomorrowland,0,2015,\N,130,"Action,Adventure,Family",tomorrowland,both
5745,Tonka,tt0052300,movie,Tonka,Tonka,0,1958,\N,97,"Adventure,Drama,Family",tonka,both
5768,Toy Story,tt0114709,movie,Toy Story,Toy Story,0,1995,\N,81,"Adventure,Animation,Comedy",toy story,both
5799,Toy Story 2,tt0120363,movie,Toy Story 2,Toy Story 2,0,1999,\N,92,"Adventure,Animation,Comedy",toy story 2,both
5809,Toy Story 3,tt0435761,movie,Toy Story 3,Toy Story 3,0,2010,\N,103,"Adventure,Animation,Comedy",toy story 3,both
5841,Toy Story 4,tt1979376,movie,Toy Story 4,Toy Story 4,0,2019,\N,100,"Adventure,Animation,Comedy",toy story 4,both
5843,Trail of the Panda,tt1247700,movie,Trail of the Panda,Xiong mao hui jia lu,0,2009,\N,87,"Adventure,Family",trail of the panda,both
5849,Treasure Island,tt0043067,movie,Treasure Island,Treasure Island,0,1950,\N,96,"Adventure,Family",treasure island,both
5926,Treasure Of Matecumbe,tt0075347,movie,Treasure of Matecumbe,Treasure of Matecumbe,0,1976,\N,117,"Adventure,Family,Western",treasure of matecumbe,both
5928,Treasure Planet,tt0133240,movie,Treasure Planet,Treasure Planet,0,2002,\N,95,"Adventure,Animation,Family",treasure planet,both
5936,Trenchcoat,tt0086476,movie,Trenchcoat,Trenchcoat,0,1983,\N,91,"Comedy,Mystery,Thriller",trenchcoat,both
5939,Tron,tt0084827,movie,TRON,TRON,0,1982,\N,96,"Action,Adventure,Sci-Fi",tron,both
5954,TRON: Legacy,tt1104001,movie,TRON: Legacy,Tron,0,2010,\N,125,"Action,Adventure,Sci-Fi",tron legacy,both
5962,Tuck Everlasting,tt0081664,movie,Tuck Everlasting,Tuck Everlasting,0,1981,\N,90,"Drama,Family,Fantasy",tuck everlasting,both
5963,Tuck Everlasting,tt0283084,movie,Tuck Everlasting,Tuck Everlasting,0,2002,\N,90,"Drama,Family,Fantasy",tuck everlasting,both
5968,Turning Red,tt8097030,movie,Turning Red,Turning Red,0,2022,\N,100,"Adventure,Animation,Comedy",turning red,both
5980,Underdog,tt0467110,movie,Underdog,Underdog,0,2007,\N,100,"Action,Adventure,Comedy",underdog,both
6007,Unidentified Flying Oddball,tt0080062,movie,Unidentified Flying Oddball,The Spaceman and King Arthur,0,1979,\N,93,"Adventure,Comedy,Family",unidentified flying oddball,both
6009,Up,tt0075376,movie,Up!,Up!,0,1976,\N,80,"Comedy,Mystery,Thriller",up,both
6013,Up,tt1049413,movie,Up,Up,0,2009,\N,96,"Adventure,Animation,Comedy",up,both
6044,Valiant,tt0361089,movie,Valiant,Valiant,0,2005,\N,76,"Adventure,Animation,Comedy",valiant,both
6057,Waking Sleeping Beauty,tt1159961,movie,Waking Sleeping Beauty,Waking Sleeping Beauty,0,2009,\N,86,"Documentary,Drama,History",waking sleeping beauty,both
6059,Wall-E,tt0910970,movie,WALL·E,WALL·E,0,2008,\N,98,"Adventure,Animation,Family",walle,both
6070,Walt & El Grupo,tt1223150,movie,Walt & El Grupo,Walt & El Grupo,0,2008,\N,106,Documentary,walt  el grupo,both
6074,"Westward Ho, The Wagons!",tt0049945,movie,"Westward Ho, the Wagons!","Westward Ho, the Wagons!",0,1956,\N,90,"Family,Western",westward ho the wagons,both
6075,Where The Red Fern Grows,tt0072402,movie,Where the Red Fern Grows,Where the Red Fern Grows,0,1974,\N,97,"Drama,Family",where the red fern grows,both
6076,Where The Red Fern Grows,tt0192788,movie,Where the Red Fern Grows,Where the Red Fern Grows,0,2003,\N,86,"Drama,Family",where the red fern grows,both
6078,Whispers: An Elephant's Tale,tt0185007,movie,Whispers: An Elephant's Tale,Whispers: An Elephant's Tale,0,2000,\N,72,"Adventure,Family",whispers an elephants tale,both
6082,White Fang,tt0103247,movie,White Fang,White Fang,0,1991,\N,107,"Adventure,Drama",white fang,both
6091,White Fang 2: Myth of the White Wolf,tt0111701,movie,White Fang 2: Myth of the White Wolf,White Fang 2: Myth of the White Wolf,0,1994,\N,106,"Adventure,Family",white fang 2 myth of the white wolf,both
6092,White Wilderness,tt0052389,movie,White Wilderness,White Wilderness,0,1958,\N,72,"Documentary,Family",white wilderness,both
6094,Wild Hearts Can't Be Broken,tt0103262,movie,Wild Hearts Can't Be Broken,Wild Hearts Can't Be Broken,0,1991,\N,88,"Drama,Family,Romance",wild hearts cant be broken,both
6095,Wings of Life,tt1222816,movie,Disneynature: Wings of Life,Pollen,0,2011,\N,81,"Documentary,Family,News",disneynature wings of life,both
6096,Winnie the Pooh (2011),tt1449283,movie,Winnie the Pooh,Winnie the Pooh,0,2011,\N,63,"Adventure,Animation,Comedy",winnie the pooh,both
6097,Winnie the Pooh: A Very Merry Pooh Year,tt0324572,movie,Winnie the Pooh: A Very Merry Pooh Year,Winnie the Pooh: A Very Merry Pooh Year,0,2002,\N,65,"Animation,Comedy,Drama",winnie the pooh a very merry pooh year,both
6106,Wreck-It Ralph,tt1772341,movie,Wreck-It Ralph,Wreck-It Ralph,0,2012,\N,101,"Adventure,Animation,Comedy",wreckit ralph,both
6115,Yellowstone Cubs,tt0206446,movie,Yellowstone Cubs,Yellowstone Cubs,0,1963,\N,48,"Adventure,Family",yellowstone cubs,both
6117,Zokkomon,tt1605790,movie,Zokkomon,Zokkomon,0,2011,\N,109,"Action,Adventure,Family",zokkomon,both
6124,Zootopia,tt2948356,movie,Zootopia,Zootopia,0,2016,\N,108,"Adventure,Animation,Comedy",zootopia,both
