,title,tconst,titleType,primaryTitle,originalTitle,isAdult,startYear,endYear,runtimeMinutes,genres,_merge
0,101 Dalmatians,tt0115433,movie,101 Dalmatians,101 Dalmatians,0,1996,\N,103,"Adventure,Comedy,Crime",both
5,102 Dalmatians,tt0211181,movie,102 Dalmatians,102 Dalmatians,0,2000,\N,100,"Adventure,Comedy,Family",both
10,"20,000 Leagues Under The Sea",tt0046672,movie,"20,000 Leagues Under The Sea","20,000 Leagues Under the Sea",0,1954,\N,127,"Adventure,Drama,Family",both
23,A Bug'S Life,tt0120623,movie,A Bug'S Life,A Bug's Life,0,1998,\N,95,"Adventure,Animation,Comedy",both
73,A Christmas Carol,tt1067106,movie,A Christmas Carol,A Christmas Carol,0,2009,\N,96,"Adventure,Animation,Comedy",both
124,A Far Off Place,tt0106868,movie,A Far Off Place,A Far Off Place,0,1993,\N,100,"Adventure,Drama,Family",both
125,A Goofy Movie,tt0113198,movie,A Goofy Movie,A Goofy Movie,0,1995,\N,78,"Adventure,Animation,Comedy",both
133,A Kid In King Arthur'S Court,tt0113538,movie,A Kid In King Arthur'S Court,A Kid in King Arthur's Court,0,1995,\N,89,"Adventure,Comedy,Family",both
140,A Tiger Walks,tt0058657,movie,A Tiger Walks,A Tiger Walks,0,1964,\N,91,"Drama,Family",both
145,A Wrinkle In Time,tt1620680,movie,A Wrinkle In Time,A Wrinkle in Time,0,2018,\N,109,"Adventure,Family,Fantasy",both
156,Adventures In Babysitting,tt0092513,movie,Adventures In Babysitting,Adventures in Babysitting,0,1987,\N,102,"Adventure,Comedy,Crime",both
183,African Cats,tt1223236,movie,African Cats,African Cats,0,2011,\N,89,"Adventure,Documentary",both
186,Aladdin,tt0103639,movie,Aladdin,Aladdin,0,1992,\N,90,"Adventure,Animation,Comedy",both
240,Aladdin,tt6139732,movie,Aladdin,Aladdin,0,2019,\N,128,"Adventure,Comedy,Family",both
316,"Alexander And The Terrible, Horrible, No Good, Very Bad Day",tt13782222,movie,"Alexander And The Terrible, Horrible, No Good, Very Bad Day","Alexander and the Terrible, Horrible, No Good, Very Bad Day",0,\N,\N,\N,"Comedy,Family",both
318,"Alexander And The Terrible, Horrible, No Good, Very Bad Day",tt1698641,movie,"Alexander And The Terrible, Horrible, No Good, Very Bad Day","Alexander and the Terrible, Horrible, No Good, Very Bad Day",0,2014,\N,81,"Comedy,Drama,Family",both
328,Alice In Wonderland,tt0043274,movie,Alice In Wonderland,Alice in Wonderland,0,1951,\N,75,"Adventure,Animation,Comedy",both
351,Alice In Wonderland,tt1014759,movie,Alice In Wonderland,Alice in Wonderland,0,2010,\N,108,"Adventure,Family,Fantasy",both
473,Alice Through The Looking Glass,tt2567026,movie,Alice Through The Looking Glass,Alice Through the Looking Glass,0,2016,\N,113,"Adventure,Family,Fantasy",both
485,Aliens Of The Deep,tt0417415,movie,Aliens Of The Deep,Aliens of the Deep,0,2005,\N,100,"Documentary,Family",both
487,Almost Angels,tt0055740,movie,Almost Angels,Almost Angels,0,1962,\N,93,"Comedy,Family,Music",both
489,America'S Heart And Soul,tt0381006,movie,America'S Heart & Soul,America's Heart & Soul,0,2004,\N,84,Documentary,both
490,Amy,tt0082017,movie,Amy,Amy,0,1981,\N,100,"Drama,Family",both
556,Angels In The Outfield,tt0043286,movie,Angels In The Outfield,Angels in the Outfield,0,1951,\N,99,"Comedy,Family,Fantasy",both
557,Angels In The Outfield,tt0109127,movie,Angels In The Outfield,Angels in the Outfield,0,1994,\N,102,"Comedy,Family,Fantasy",both
560,Ant-Man,tt0478970,movie,Ant-Man,Ant-Man,0,2015,\N,117,"Action,Adventure,Comedy",both
582,Ant-Man And The Wasp,tt5095030,movie,Ant-Man And The Wasp,Ant-Man and the Wasp,0,2018,\N,118,"Action,Adventure,Comedy",both
598,Around The World In 80 Days,tt0327437,movie,Around The World In 80 Days,Around the World in 80 Days,0,2004,\N,120,"Action,Adventure,Comedy",both
616,Artemis Fowl,tt3089630,movie,Artemis Fowl,Artemis Fowl,0,2020,\N,95,"Adventure,Family,Fantasy",both
620,Atlantis: The Lost Empire,tt0230011,movie,Atlantis: The Lost Empire,Atlantis: The Lost Empire,0,2001,\N,95,"Action,Adventure,Animation",both
648,Avengers: Endgame,tt4154796,movie,Avengers: Endgame,Avengers: Endgame,0,2019,\N,181,"Action,Adventure,Drama",both
658,Avengers: Infinity War,tt4154756,movie,Avengers: Infinity War,Avengers: Infinity War,0,2018,\N,149,"Action,Adventure,Sci-Fi",both
677,Babes In Toyland,tt0054649,movie,Babes In Toyland,Babes in Toyland,0,1961,\N,106,"Comedy,Family,Fantasy",both
679,Babes In Toyland,tt0168473,movie,Babes In Toyland,Babes in Toyland,0,1997,\N,74,"Animation,Comedy,Family",both
695,Bambi,tt0034492,movie,Bambi,Bambi,0,1942,\N,70,"Adventure,Animation,Drama",both
734,Bears,tt2458776,movie,Bears,Bears,0,2014,\N,78,"Documentary,Family",both
757,Beauty And The Beast,tt0101414,movie,Beauty And The Beast,Beauty and the Beast,0,1991,\N,84,"Animation,Family,Fantasy",both
797,Beauty And The Beast,tt11861230,movie,Beauty And The Beast,Beauty and the Beast,0,2017,\N,\N,"Comedy,Drama,Family",both
1022,Bedknobs And Broomsticks,tt0066817,movie,Bedknobs And Broomsticks,Bedknobs and Broomsticks,0,1971,\N,117,"Adventure,Animation,Comedy",both
1031,Bedtime Stories,tt0344910,movie,Bedtime Stories,Bedtime Stories,0,2002,\N,\N,"Drama,Romance",both
1040,Bedtime Stories,tt0960731,movie,Bedtime Stories,Bedtime Stories,0,2008,\N,99,"Adventure,Comedy,Family",both
1076,Benji The Hunted,tt0092638,movie,Benji The Hunted,Benji the Hunted,0,1987,\N,88,"Adventure,Family",both
1077,Beverly Hills Chihuahua,tt1014775,movie,Beverly Hills Chihuahua,Beverly Hills Chihuahua,0,2008,\N,91,"Adventure,Comedy,Drama",both
1089,Big Hero 6,tt2245084,movie,Big Hero 6,Big Hero 6,0,2014,\N,102,"Action,Adventure,Animation",both
1100,Big Red,tt0055793,movie,Big Red,Big Red,0,1962,\N,89,"Adventure,Drama,Family",both
1127,Black Panther,tt1825683,movie,Black Panther,Black Panther,0,2018,\N,134,"Action,Adventure,Sci-Fi",both
1130,Black Panther,tt2905856,movie,Black Panther,Schwarzer Panther,0,2014,\N,79,"Drama,Romance",both
1200,Black Widow,tt3480822,movie,Black Widow,Black Widow,0,2021,\N,134,"Action,Adventure,Sci-Fi",both
1228,Blackbeard'S Ghost,tt0062737,movie,Blackbeard'S Ghost,Blackbeard's Ghost,0,1968,\N,106,"Comedy,Family,Fantasy",both
1230,Blank Check,tt0109287,movie,Blank Check,Blank Check,0,1994,\N,93,"Comedy,Crime,Family",both
1237,Bolt,tt0397892,movie,Bolt,Bolt,0,2008,\N,96,"Adventure,Animation,Comedy",both
1242,Bolt,tt14608798,movie,Bolt,Bolt,0,2019,\N,80,"Drama,Fantasy",both
1250,Bon Voyage!,tt0055807,movie,Bon Voyage!,Bon Voyage!,0,1962,\N,130,"Adventure,Comedy,Drama",both
1251,Bon Voyage!,tt1104118,movie,Bon Voyage!,Safar be kheir,0,1994,\N,83,Comedy,both
1266,Brave,tt1217209,movie,Brave,Brave,0,2012,\N,93,"Adventure,Animation,Comedy",both
1297,Bridge To Terabithia,tt0398808,movie,Bridge To Terabithia,Bridge to Terabithia,0,2007,\N,96,"Drama,Family,Fantasy",both
1303,Brother Bear,tt0328880,movie,Brother Bear,Brother Bear,0,2003,\N,85,"Adventure,Animation,Comedy",both
1316,Candleshoe,tt0075807,movie,Candleshoe,Candleshoe,0,1977,\N,101,"Adventure,Comedy,Drama",both
1321,Captain America: Civil War,tt3498820,movie,Captain America: Civil War,Captain America: Civil War,0,2016,\N,147,"Action,Adventure,Sci-Fi",both
1347,Captain Marvel,tt4154664,movie,Captain Marvel,Captain Marvel,0,2019,\N,123,"Action,Adventure,Sci-Fi",both
1358,Cars,tt0317219,movie,Cars,Cars,0,2006,\N,117,"Adventure,Animation,Comedy",both
1402,Cars 2,tt1216475,movie,Cars 2,Cars 2,0,2011,\N,106,"Adventure,Animation,Comedy",both
1418,Cars 3,tt3606752,movie,Cars 3,Cars 3,0,2017,\N,102,"Adventure,Animation,Comedy",both
1425,Charley And The Angel,tt0069866,movie,Charley And The Angel,Charley and the Angel,0,1973,\N,93,"Comedy,Family,Fantasy",both
1427,Charlie The Lonesome Cougar,tt0062793,movie,"Charlie, The Lonesome Cougar","Charlie, the Lonesome Cougar",0,1967,\N,75,"Adventure,Family",both
1428,Cheetah,tt0097053,movie,Cheetah,Cheetah,0,1989,\N,83,"Adventure,Drama,Family",both
1445,Chicken Little,tt0371606,movie,Chicken Little,Chicken Little,0,2005,\N,81,"Adventure,Animation,Comedy",both
1463,Chimpanzee,tt1222815,movie,Chimpanzee,Chimpanzee,0,2012,\N,78,"Documentary,Family",both
1475,Christopher Robin,tt4575576,movie,Christopher Robin,Christopher Robin,0,2018,\N,104,"Adventure,Animation,Comedy",both
1482,"Chronicles Of Narnia: The Lion, The Witch And The Wardrobe",tt0363771,movie,"The Chronicles Of Narnia: The Lion, The Witch And The Wardrobe","The Chronicles of Narnia: The Lion, the Witch and the Wardrobe",0,2005,\N,143,"Adventure,Family,Fantasy",both
1491,Cinderella,tt0042332,movie,Cinderella,Cinderella,0,1950,\N,74,"Animation,Family,Fantasy",both
1559,Cinderella,tt1661199,movie,Cinderella,Cinderella,0,2015,\N,105,"Adventure,Drama,Family",both
1648,Coco,tt2380307,movie,Coco,Coco,0,2017,\N,105,"Adventure,Animation,Comedy",both
1675,College Road Trip,tt0997047,movie,College Road Trip,College Road Trip,0,2008,\N,83,"Adventure,Comedy,Drama",both
1678,Condorman,tt0082199,movie,Condorman,Condorman,0,1981,\N,90,"Action,Adventure,Comedy",both
1681,Confessions Of A Teenage Drama Queen,tt0361467,movie,Confessions Of A Teenage Drama Queen,Confessions of a Teenage Drama Queen,0,2004,\N,89,"Comedy,Family,Music",both
1682,Cool Runnings,tt0106611,movie,Cool Runnings,Cool Runnings,0,1993,\N,98,"Adventure,Comedy,Family",both
1697,Cruella,tt3228774,movie,Cruella,Cruella,0,2021,\N,134,"Adventure,Comedy,Crime",both
1698,D2: The Mighty Ducks,tt0109520,movie,D2: The Mighty Ducks,D2: The Mighty Ducks,0,1994,\N,106,"Comedy,Drama,Family",both
1700,D3: The Mighty Ducks,tt0116000,movie,D3: The Mighty Ducks,D3: The Mighty Ducks,0,1996,\N,104,"Action,Comedy,Drama",both
1703,Darby O'Gill And The Little People,tt0052722,movie,Darby O'Gill And The Little People,Darby O'Gill and the Little People,0,1959,\N,93,"Adventure,Family,Fantasy",both
1705,Davy Crockett And The River Pirates,tt0049125,movie,Davy Crockett And The River Pirates,Davy Crockett and the River Pirates,0,1956,\N,81,"Adventure,Comedy,Drama",both
1708,Davy Crockett: King Of The Wild Frontier,tt0047977,movie,Davy Crockett: King Of The Wild Frontier,Davy Crockett: King of the Wild Frontier,0,1955,\N,93,"Adventure,Drama,Family",both
1711,Dinosaur,tt0130623,movie,Dinosaur,Dinosaur,0,2000,\N,82,"Adventure,Animation,Drama",both
1786,Do Dooni Chaar,tt1714832,movie,Do Dooni Chaar,Do Dooni Chaar,0,2010,\N,112,"Comedy,Crime,Drama",both
1788,Doctor Strange In The Multiverse Of Madness,tt9419884,movie,Doctor Strange In The Multiverse Of Madness,Doctor Strange in the Multiverse of Madness,0,2022,\N,\N,"Action,Adventure,Fantasy",both
1790,Dr. Seuss' Horton Hears A Who,tt0451079,movie,Horton Hears A Who!,Horton Hears a Who!,0,2008,\N,86,"Adventure,Animation,Comedy",both
1791,Ducktales: The Movie - Treasure Of The Lost Lamp,tt0099472,movie,Ducktales The Movie: Treasure Of The Lost Lamp,DuckTales the Movie: Treasure of the Lost Lamp,0,1990,\N,74,"Adventure,Animation,Comedy",both
1792,Dumbo,tt0033563,movie,Dumbo,Dumbo,0,1941,\N,64,"Adventure,Animation,Drama",both
1799,Dumbo,tt3861390,movie,Dumbo,Dumbo,0,2019,\N,112,"Adventure,Family,Fantasy",both
1823,Earth,tt0393597,movie,Earth,Earth,0,2007,\N,90,Documentary,both
1868,Eight Below,tt0397313,movie,Eight Below,Eight Below,0,2006,\N,120,"Adventure,Drama,Family",both
1876,Emil And The Detectives,tt0058056,movie,Emil And The Detectives,Emil and the Detectives,0,1964,\N,99,"Comedy,Crime,Drama",both
1885,Encanto,tt2953050,movie,Encanto,Encanto,0,2021,\N,102,"Animation,Comedy,Family",both
1887,Encanto,tt5964462,movie,Encanto,Encanto,0,\N,\N,\N,Drama,both
1892,Enchanted,tt0461770,movie,Enchanted,Enchanted,0,2007,\N,107,"Adventure,Animation,Comedy",both
1906,Endurance,tt0120659,movie,Endurance,Endurance,0,1998,\N,83,"Biography,Drama,Sport",both
1951,Epic,tt0848537,movie,Epic,Epic,0,2013,\N,102,"Action,Adventure,Animation",both
1971,Escape To Witch Mountain,tt0072951,movie,Escape To Witch Mountain,Escape to Witch Mountain,0,1975,\N,97,"Adventure,Family,Fantasy",both
1977,Fantasia,tt0032455,movie,Fantasia,Fantasia,0,1940,\N,125,"Animation,Family,Fantasy",both
2013,Fantasia 2000,tt0120910,movie,Fantasia 2000,Fantasia 2000,0,1999,\N,75,"Animation,Family,Fantasy",both
2022,Ferdinand,tt3411444,movie,Ferdinand,Ferdinand,0,2017,\N,108,"Adventure,Animation,Comedy",both
2033,Finding Dory,tt2277860,movie,Finding Dory,Finding Dory,0,2016,\N,97,"Adventure,Animation,Comedy",both
2048,Finding Nemo,tt0266543,movie,Finding Nemo,Finding Nemo,0,2003,\N,100,"Adventure,Animation,Comedy",both
2061,First Kid,tt0116311,movie,First Kid,First Kid,0,1996,\N,101,"Comedy,Family",both
2062,Flight Of The Navigator,tt0091059,movie,Flight Of The Navigator,Flight of the Navigator,0,1986,\N,90,"Adventure,Comedy,Family",both
2064,Flight Of The Navigator,tt1444308,movie,Flight Of The Navigator,Flight of the Navigator,0,\N,\N,\N,"Adventure,Comedy,Family",both
2067,Flubber,tt0119137,movie,Flubber,Flubber,0,1997,\N,93,"Comedy,Family,Sci-Fi",both
2069,"Follow Me, Boys!",tt0060420,movie,"Follow Me, Boys!","Follow Me, Boys!",0,1966,\N,131,"Drama,Family",both
2070,Frank And Ollie,tt0113104,movie,Frank And Ollie,Frank and Ollie,0,1995,\N,89,Documentary,both
2072,Frankenweenie,tt1142977,movie,Frankenweenie,Frankenweenie,0,2012,\N,87,"Animation,Comedy,Drama",both
2095,Freaky Friday,tt0076054,movie,Freaky Friday,Freaky Friday,0,1976,\N,95,"Comedy,Family,Fantasy",both
2097,Freaky Friday,tt0322330,movie,Freaky Friday,Freaky Friday,0,2003,\N,97,"Comedy,Family,Fantasy",both
2218,Fun And Fancy Free,tt0039404,movie,Fun And Fancy Free,Fun & Fancy Free,0,1947,\N,73,"Adventure,Animation,Comedy",both
2223,George Of The Jungle,tt0119190,movie,George Of The Jungle,George of the Jungle,0,1997,\N,92,"Action,Adventure,Comedy",both
2248,G-Force,tt0436339,movie,G-Force,G-Force,0,2009,\N,88,"Action,Adventure,Animation",both
2256,Ghosts Of The Abyss,tt0297144,movie,Ghosts Of The Abyss,Ghosts of the Abyss,0,2003,\N,61,"Documentary,Family",both
2257,Glory Road,tt0385726,movie,Glory Road,Glory Road,0,2006,\N,118,"Biography,Drama,Sport",both
2261,Greyfriars Bobby: The True Story Of A Dog,tt0054944,movie,Greyfriars Bobby: The True Story Of A Dog,Greyfriars Bobby: The True Story of a Dog,0,1961,\N,91,"Drama,Family",both
2265,Guardians Of The Galaxy Vol. 2,tt3896198,movie,Guardians Of The Galaxy Vol. 2,Guardians of the Galaxy Vol. 2,0,2017,\N,136,"Action,Adventure,Comedy",both
2281,Gus,tt0074599,movie,Gus,Gus,0,1976,\N,96,"Comedy,Family,Sport",both
2304,Hannah Montana & Miley Cyrus: Best Of Both Worlds Concert,tt1127884,movie,Hannah Montana And Miley Cyrus: Best Of Both Worlds Concert,Hannah Montana and Miley Cyrus: Best of Both Worlds Concert,0,2008,\N,74,"Documentary,Music",both
2307,Hannah Montana: The Movie,tt1114677,movie,Hannah Montana: The Movie,Hannah Montana: The Movie,0,2009,\N,102,"Comedy,Drama,Family",both
2317,Heavyweights,tt0110006,movie,Heavyweights,Heavyweights,0,1995,\N,100,"Comedy,Drama,Family",both
2319,Heavyweights,tt0780134,movie,Heavyweights,Schwere Jungs,0,2006,\N,94,"Biography,Comedy",both
2359,Herbie Goes Bananas,tt0080861,movie,Herbie Goes Bananas,Herbie Goes Bananas,0,1980,\N,100,"Adventure,Comedy,Family",both
2361,Herbie Goes To Monte Carlo,tt0076137,movie,Herbie Goes To Monte Carlo,Herbie Goes to Monte Carlo,0,1977,\N,105,"Action,Adventure,Comedy",both
2362,Herbie Rides Again,tt0071607,movie,Herbie Rides Again,Herbie Rides Again,0,1974,\N,88,"Comedy,Family,Fantasy",both
2363,Herbie: Fully Loaded,tt0400497,movie,Herbie Fully Loaded,Herbie Fully Loaded,0,2005,\N,101,"Adventure,Comedy,Family",both
2366,Hercules,tt0119282,movie,Hercules,Hercules,0,1997,\N,93,"Adventure,Animation,Comedy",both
2427,High School Musical 3: Senior Year,tt0962726,movie,High School Musical 3: Senior Year,High School Musical 3: Senior Year,0,2008,\N,112,"Comedy,Drama,Family",both
2429,High School Musical: China,tt1556143,movie,Disney High School Musical: China,Ge wu qing chun,0,2010,\N,94,"Musical,Romance",both
2432,Hocus Pocus,tt0087993,movie,Hocus Pocus,Ren xia gui,0,1984,\N,93,"Comedy,Fantasy,Horror",both
2433,Hocus Pocus,tt0107120,movie,Hocus Pocus,Hocus Pocus,0,1993,\N,96,"Comedy,Family,Fantasy",both
2470,Holes,tt0311289,movie,Holes,Holes,0,2003,\N,117,"Adventure,Comedy,Drama",both
2476,Holes,tt15507514,movie,Holes,Holes,0,2021,\N,79,Documentary,both
2493,Home On The Range,tt0299172,movie,Home On The Range,Home on the Range,0,2004,\N,76,"Adventure,Animation,Comedy",both
2526,Homeward Bound Ii: Lost In San Francisco,tt0116552,movie,Homeward Bound Ii: Lost In San Francisco,Homeward Bound II: Lost in San Francisco,0,1996,\N,88,"Adventure,Comedy,Family",both
2527,Homeward Bound: The Incredible Journey,tt0107131,movie,Homeward Bound: The Incredible Journey,Homeward Bound: The Incredible Journey,0,1993,\N,84,"Adventure,Comedy,Drama",both
2528,"Honey, I Blew Up The Kid",tt0104437,movie,"Honey, I Blew Up The Kid","Honey, I Blew Up the Kid",0,1992,\N,89,"Adventure,Comedy,Family",both
2531,"Honey, I Shrunk The Kids",tt0097523,movie,"Honey, I Shrunk The Kids","Honey, I Shrunk the Kids",0,1989,\N,93,"Adventure,Comedy,Family",both
2539,Hot Lead And Cold Feet,tt0077698,movie,Hot Lead And Cold Feet,Hot Lead and Cold Feet,0,1978,\N,90,"Comedy,Western",both
2542,Ice Age,tt0268380,movie,Ice Age,Ice Age,0,2002,\N,81,"Adventure,Animation,Comedy",both
2575,Ice Princess,tt0396652,movie,Ice Princess,Ice Princess,0,2005,\N,98,"Comedy,Drama,Family",both
2581,I'Ll Be Home For Christmas,tt0155753,movie,I'Ll Be Home For Christmas,I'll Be Home for Christmas,0,1998,\N,86,"Comedy,Family",both
2604,In Search Of The Castaways,tt0056095,movie,In Search Of The Castaways,In Search of the Castaways,0,1962,\N,98,"Adventure,Family,Fantasy",both
2613,Incredibles 2,tt3606756,movie,Incredibles 2,Incredibles 2,0,2018,\N,118,"Action,Adventure,Animation",both
2701,Inside Out,tt2096673,movie,Inside Out,Inside Out,0,2015,\N,95,"Adventure,Animation,Comedy",both
2754,Inspector Gadget,tt0141369,movie,Inspector Gadget,Inspector Gadget,0,1999,\N,78,"Action,Adventure,Comedy",both
2757,Inspector Gadget,tt11069282,movie,Inspector Gadget,Inspector Gadget,0,2026,\N,\N,"Action,Adventure,Comedy",both
2814,Into The Woods,tt2180411,movie,Into The Woods,Into the Woods,0,2014,\N,125,"Adventure,Comedy,Drama",both
2875,Invincible,tt0445990,movie,Invincible,Invincible,0,2006,\N,105,"Biography,Drama,Sport",both
2909,Iron Will,tt0110157,movie,Iron Will,Iron Will,0,1994,\N,108,"Adventure,Family",both
2918,James And The Giant Peach,tt0116683,movie,James And The Giant Peach,James and the Giant Peach,0,1996,\N,79,"Adventure,Animation,Family",both
2920,James And The Giant Peach,tt6009922,movie,James And The Giant Peach,James and the Giant Peach,0,\N,\N,\N,"Adventure,Family,Fantasy",both
2922,John Carter,tt0401729,movie,John Carter,John Carter,0,2012,\N,132,"Action,Adventure,Sci-Fi",both
2936,Johnny Tremain,tt0050567,movie,Johnny Tremain,Johnny Tremain,0,1957,\N,80,"Adventure,Family,History",both
2937,Jonas Brothers: The Concert Experience,tt1229827,movie,Jonas Brothers: The 3D Concert Experience,Jonas Brothers: The 3D Concert Experience,0,2009,\N,76,"Documentary,Music",both
2942,Jungle 2 Jungle,tt0119432,movie,Jungle 2 Jungle,Jungle 2 Jungle,0,1997,\N,105,"Comedy,Family",both
2944,Jungle Cat,tt0053977,movie,Jungle Cat,Jungle Cat,0,1960,\N,69,"Documentary,Family",both
2946,Jungle Cruise,tt0870154,movie,Jungle Cruise,Jungle Cruise,0,2021,\N,127,"Action,Adventure,Comedy",both
2962,Kidnapped,tt0053994,movie,Kidnapped,Kidnapped,0,1959,\N,97,"Action,Adventure,Drama",both
3135,King Of The Grizzlies,tt0065943,movie,King Of The Grizzlies,King of the Grizzlies,0,1970,\N,93,"Family,Western",both
3136,Lady And The Tramp,tt0048280,movie,Lady And The Tramp,Lady and the Tramp,0,1955,\N,76,"Adventure,Animation,Comedy",both
3147,Lady And The Tramp,tt8096832,movie,Lady And The Tramp,Lady and the Tramp,0,2019,\N,111,"Adventure,Comedy,Family",both
3160,Let It Shine,tt7932304,movie,Let It Shine,Let It Shine,0,2018,\N,98,Family,both
3164,Lightyear,tt10298810,movie,Lightyear,Lightyear,0,2022,\N,\N,"Action,Adventure,Animation",both
3165,Like Stars On Earth,tt0986264,movie,Like Stars On Earth,Taare Zameen Par,0,2007,\N,165,"Drama,Family",both
3167,Lilo & Stitch,tt0275847,movie,Lilo & Stitch,Lilo & Stitch,0,2002,\N,85,"Adventure,Animation,Comedy",both
3170,Lilo & Stitch,tt11655566,movie,Lilo & Stitch,Lilo & Stitch,0,2024,\N,85,"Action,Adventure,Comedy",both
3182,"Lt. Robin Crusoe, U.S.N.",tt0060640,movie,"Lt. Robin Crusoe, U.S.N.","Lt. Robin Crusoe, U.S.N.",0,1966,\N,110,"Adventure,Comedy,Family",both
3188,Luca,tt12801262,movie,Luca,Luca,0,2021,\N,95,"Adventure,Animation,Comedy",both
3210,Make Mine Music,tt0038718,movie,Make Mine Music,Make Mine Music,0,1946,\N,75,"Adventure,Animation,Comedy",both
3220,Maleficent,tt1587310,movie,Maleficent,Maleficent,0,2014,\N,97,"Adventure,Family,Fantasy",both
3238,Maleficent: Mistress Of Evil,tt4777008,movie,Maleficent: Mistress Of Evil,Maleficent: Mistress of Evil,0,2019,\N,119,"Adventure,Family,Fantasy",both
3240,Man Of The House,tt0113755,movie,Man Of The House,Man of the House,0,1995,\N,96,"Comedy,Family",both
3276,Mars Needs Moms,tt1305591,movie,Mars Needs Moms,Mars Needs Moms,0,2010,\N,88,"Action,Adventure,Animation",both
3283,Marvel Studios' Doctor Strange,tt1211837,movie,Doctor Strange,Doctor Strange,0,2016,\N,115,"Action,Adventure,Fantasy",both
3285,Marvel'S Avengers: Age Of Ultron,tt2395427,movie,Avengers: Age Of Ultron,Avengers: Age of Ultron,0,2015,\N,141,"Action,Adventure,Sci-Fi",both
3286,Marvel'S Captain America: Winter Soldier,tt1843866,movie,Captain America: The Winter Soldier,Captain America: The Winter Soldier,0,2014,\N,136,"Action,Adventure,Sci-Fi",both
3290,Marvel'S Iron Man 3,tt1300854,movie,Iron Man 3,Iron Man Three,0,2013,\N,130,"Action,Adventure,Sci-Fi",both
3291,Mary Poppins,tt0058331,movie,Mary Poppins,Mary Poppins,0,1964,\N,139,"Comedy,Family,Fantasy",both
3314,Mary Poppins Returns,tt5028340,movie,Mary Poppins Returns,Mary Poppins Returns,0,2018,\N,130,"Adventure,Comedy,Family",both
3323,Max Keeble'S Big Move,tt0273799,movie,Max Keeble'S Big Move,Max Keeble's Big Move,0,2001,\N,86,"Comedy,Crime,Family",both
3324,"Mcfarland, Usa",tt2097298,movie,"Mcfarland, Usa","McFarland, USA",0,2015,\N,129,"Biography,Drama,Sport",both
3326,Meet The Deedles,tt0120645,movie,Meet The Deedles,Meet the Deedles,0,1998,\N,93,"Comedy,Family",both
3327,Meet The Robinsons,tt0396555,movie,Meet The Robinsons,Meet the Robinsons,0,2007,\N,95,"Adventure,Animation,Comedy",both
3335,Melody Time,tt0040580,movie,Melody Time,Melody Time,0,1948,\N,75,"Animation,Comedy,Family",both
3359,Midnight Madness,tt0081159,movie,Midnight Madness,Midnight Madness,0,1980,\N,112,Comedy,both
3383,Mighty Joe Young,tt0041650,movie,Mighty Joe Young,Mighty Joe Young,0,1949,\N,94,"Adventure,Drama,Fantasy",both
3384,Mighty Joe Young,tt0120751,movie,Mighty Joe Young,Mighty Joe Young,0,1998,\N,114,"Action,Adventure,Family",both
3388,Million Dollar Arm,tt1647668,movie,Million Dollar Arm,Million Dollar Arm,0,2014,\N,124,"Biography,Drama,Sport",both
3456,Miracle Of The White Stallions,tt0057312,movie,Miracle Of The White Stallions,Miracle of the White Stallions,0,1963,\N,118,"Adventure,Drama,Family",both
3463,Moana,tt3521164,movie,Moana,Moana,0,2016,\N,107,"Adventure,Animation,Comedy",both
3474,"Monkeys, Go Home!",tt0061989,movie,"Monkeys, Go Home!","Monkeys, Go Home!",0,1967,\N,101,"Comedy,Family",both
3475,Monsters University,tt1453405,movie,Monsters University,Monsters University,0,2013,\N,104,"Adventure,Animation,Comedy",both
3485,"Monsters, Inc.",tt0198781,movie,"Monsters, Inc.","Monsters, Inc.",0,2001,\N,92,"Adventure,Animation,Comedy",both
3489,Moon Pilot,tt0056249,movie,Moon Pilot,Moon Pilot,0,1962,\N,98,"Comedy,Family,Sci-Fi",both
3490,Morning Light,tt1198405,movie,Morning Light,Morning Light,0,2008,\N,100,"Documentary,Sport",both
3498,Mr. Magoo,tt0119718,movie,Mr. Magoo,Mr. Magoo,0,1997,\N,87,"Adventure,Comedy,Family",both
3501,Mr. Toad'S Wild Ride,tt0118172,movie,Mr. Toad'S Wild Ride,The Wind in the Willows,0,1996,\N,88,"Adventure,Comedy,Family",both
3502,Mr. Toad'S Wild Ride,tt2369119,movie,Mr. Toad'S Wild Ride,Mr. Toad's Wild Ride,0,\N,\N,\N,"Animation,Family",both
3503,Mulan,tt0120762,movie,Mulan,Mulan,0,1998,\N,88,"Adventure,Animation,Comedy",both
3514,Mulan,tt4566758,movie,Mulan,Mulan,0,2020,\N,115,"Action,Adventure,Drama",both
3544,Muppet Treasure Island,tt0117110,movie,Muppet Treasure Island,Muppet Treasure Island,0,1996,\N,99,"Action,Adventure,Comedy",both
3551,Muppets Most Wanted,tt2281587,movie,Muppets Most Wanted,Muppets Most Wanted,0,2014,\N,107,"Adventure,Comedy,Crime",both
3563,My Favorite Martian,tt0120764,movie,My Favorite Martian,My Favorite Martian,0,1999,\N,94,"Comedy,Family,Sci-Fi",both
3566,My Neighbors The Yamadas,tt0206013,movie,My Neighbors The Yamadas,Hôhokekyo tonari no Yamada-kun,0,1999,\N,104,"Animation,Comedy,Family",both
3568,Napoleon And Samantha,tt0068990,movie,Napoleon And Samantha,Napoleon and Samantha,0,1972,\N,92,"Adventure,Drama",both
3570,National Treasure,tt0368891,movie,National Treasure,National Treasure,0,2004,\N,131,"Action,Adventure,Mystery",both
3584,National Treasure,tt8292728,movie,National Treasure,Gui bao,0,1983,\N,96,Drama,both
3586,National Treasure: Book Of Secrets,tt0465234,movie,National Treasure: Book Of Secrets,National Treasure: Book of Secrets,0,2007,\N,124,"Action,Adventure,Mystery",both
3591,Never A Dull Moment,tt0063341,movie,Never A Dull Moment,Never a Dull Moment,0,1968,\N,99,"Comedy,Crime,Family",both
3598,Never Cry Wolf,tt0086005,movie,Never Cry Wolf,Never Cry Wolf,0,1983,\N,105,"Adventure,Drama",both
3600,Newsies,tt0104990,movie,Newsies,Newsies,0,1992,\N,121,"Drama,Family,History",both
3606,Night Crossing,tt0082810,movie,Night Crossing,Night Crossing,0,1982,\N,107,"Drama,Family,History",both
3608,"Nikki, Wild Dog Of The North",tt0055232,movie,"Nikki, Wild Dog Of The North","Nikki, Wild Dog of the North",0,1961,\N,74,"Adventure,Family",both
3611,No Deposit No Return,tt8728662,movie,No Deposit No Return,No Deposit No Return,1,1975,\N,54,Adult,both
3612,"Now You See Him, Now You Don'T",tt0069031,movie,"Now You See Him, Now You Don'T","Now You See Him, Now You Don't",0,1972,\N,88,"Comedy,Family,Sci-Fi",both
3622,Oceans,tt0765128,movie,Oceans,Océans,0,2009,\N,104,Documentary,both
3628,Oceans,tt1171257,movie,Oceans,Oceans,0,1971,\N,\N,"Documentary,Sport",both
3663,Old Dogs,tt0976238,movie,Old Dogs,Old Dogs,0,2009,\N,88,"Comedy,Family",both
3664,Old Dogs,tt1130090,movie,Old Dogs,Old Dogs,0,2009,\N,\N,"Comedy,Crime,Drama",both
3671,Old Yeller,tt0050798,movie,Old Yeller,Old Yeller,0,1957,\N,83,"Adventure,Drama,Family",both
3677,Oliver & Company,tt0095776,movie,Oliver & Company,Oliver & Company,0,1988,\N,74,"Adventure,Animation,Comedy",both
3719,Once Upon A Warrior,tt1621994,movie,Once Upon A Warrior,Anaganaga O Dheerudu,0,2011,\N,133,"Action,Adventure,Family",both
3720,One Little Indian,tt0070481,movie,One Little Indian,One Little Indian,0,1973,\N,90,"Comedy,Family,Western",both
3726,One Magic Christmas,tt0089731,movie,One Magic Christmas,One Magic Christmas,0,1985,\N,89,"Family,Fantasy",both
3727,One Of Our Dinosaurs Is Missing,tt0075016,movie,One Of Our Dinosaurs Is Missing,One of Our Dinosaurs Is Missing,0,1975,\N,94,"Adventure,Comedy,Family",both
3749,Onward,tt7146812,movie,Onward,Onward,0,2020,\N,102,"Adventure,Animation,Comedy",both
3751,Operation Dumbo Drop,tt0114048,movie,Operation Dumbo Drop,Operation Dumbo Drop,0,1995,\N,107,"Action,Adventure,Comedy",both
3752,Oz The Great And Powerful,tt1623205,movie,Oz The Great And Powerful,Oz the Great and Powerful,0,2013,\N,130,"Adventure,Family,Fantasy",both
3774,Peter Pan,tt0046183,movie,Peter Pan,Peter Pan,0,1953,\N,77,"Adventure,Animation,Family",both
3802,Pete'S Dragon,tt0076538,movie,Pete'S Dragon,Pete's Dragon,0,1977,\N,128,"Adventure,Animation,Comedy",both
3804,Pete'S Dragon,tt2788732,movie,Pete'S Dragon,Pete's Dragon,0,2016,\N,102,"Action,Adventure,Comedy",both
3812,Pinocchio,tt0032910,movie,Pinocchio,Pinocchio,0,1940,\N,88,"Adventure,Animation,Comedy",both
3874,Pirates Of The Caribbean: At World'S End,tt0449088,movie,Pirates Of The Caribbean: At World'S End,Pirates of the Caribbean: At World's End,0,2007,\N,169,"Action,Adventure,Fantasy",both
3879,Pirates Of The Caribbean: Dead Man'S Chest,tt0383574,movie,Pirates Of The Caribbean: Dead Man'S Chest,Pirates of the Caribbean: Dead Man's Chest,0,2006,\N,151,"Action,Adventure,Fantasy",both
3885,Pirates Of The Caribbean: Dead Men Tell No Tales,tt1790809,movie,Pirates Of The Caribbean: Dead Men Tell No Tales,Pirates of the Caribbean: Dead Men Tell No Tales,0,2017,\N,129,"Action,Adventure,Fantasy",both
3896,Pirates Of The Caribbean: On Stranger Tides,tt1298650,movie,Pirates Of The Caribbean: On Stranger Tides,Pirates of the Caribbean: On Stranger Tides,0,2011,\N,137,"Action,Adventure,Fantasy",both
3902,Pirates Of The Caribbean: The Curse Of The Black Pearl,tt0325980,movie,Pirates Of The Caribbean: The Curse Of The Black Pearl,Pirates of the Caribbean: The Curse of the Black Pearl,0,2003,\N,143,"Action,Adventure,Fantasy",both
3912,Planes,tt1691917,movie,Planes,Planes,0,2013,\N,91,"Adventure,Animation,Comedy",both
3932,Planes: Fire & Rescue,tt2980706,movie,Planes: Fire & Rescue,Planes: Fire & Rescue,0,2014,\N,83,"Adventure,Animation,Comedy",both
3936,Pocahontas,tt0114148,movie,Pocahontas,Pocahontas,0,1995,\N,81,"Adventure,Animation,Drama",both
3952,Pocahontas,tt9047432,movie,Pocahontas,Pocahontas,0,1995,\N,53,Animation,both
3965,Polly,tt1924347,movie,Polly,Polly,0,2010,\N,50,Horror,both
3981,Pollyanna,tt0011588,movie,Pollyanna,Pollyanna,0,1920,\N,58,"Comedy,Drama,Family",both
3982,Pollyanna,tt0054195,movie,Pollyanna,Pollyanna,0,1960,\N,134,"Comedy,Drama,Family",both
3988,Prince Of Persia: The Sands Of Time,tt0473075,movie,Prince Of Persia: The Sands Of Time,Prince of Persia: The Sands of Time,0,2010,\N,116,"Action,Adventure,Fantasy",both
3999,Prom,tt0066250,movie,Prom,Prom,0,1970,\N,65,"Action,Thriller",both
4010,Prom,tt1604171,movie,Prom,Prom,0,2011,\N,104,"Comedy,Drama,Family",both
4041,Queen Of Katwe,tt4341582,movie,Queen Of Katwe,Queen of Katwe,0,2016,\N,124,"Biography,Drama,Sport",both
4042,Race To Witch Mountain,tt1075417,movie,Race To Witch Mountain,Race to Witch Mountain,0,2009,\N,98,"Action,Adventure,Family",both
4045,Ralph Breaks The Internet: Wreck-It Ralph 2,tt5848272,movie,Ralph Breaks The Internet,Ralph Breaks the Internet,0,2018,\N,112,"Adventure,Animation,Comedy",both
4046,Rascal,tt0064875,movie,Rascal,Rascal,0,1969,\N,85,"Drama,Family",both
4060,Ratatouille,tt0382932,movie,Ratatouille,Ratatouille,0,2007,\N,111,"Adventure,Animation,Comedy",both
4077,Raya And The Last Dragon,tt5109280,movie,Raya And The Last Dragon,Raya and the Last Dragon,0,2021,\N,107,"Action,Adventure,Animation",both
4082,Recess: School'S Out,tt0265632,movie,Recess: School'S Out,Recess: School's Out,0,2001,\N,82,"Adventure,Animation,Comedy",both
4084,Remember The Titans,tt0210945,movie,Remember The Titans,Remember the Titans,0,2000,\N,113,"Biography,Drama,Sport",both
4087,Return From Witch Mountain,tt0078158,movie,Return From Witch Mountain,Return from Witch Mountain,0,1978,\N,95,"Adventure,Family,Fantasy",both
4091,Return To Never Land,tt0280030,movie,Peter Pan 2: Return To Never Land,Return to Never Land,0,2002,\N,72,"Adventure,Animation,Family",both
4093,Return To Oz,tt0089908,movie,Return To Oz,Return to Oz,0,1985,\N,113,"Adventure,Family,Fantasy",both
4104,Return To Snowy River,tt0095993,movie,Return To Snowy River,The Man from Snowy River II,0,1988,\N,110,"Adventure,Drama,Western",both
4105,Ride A Wild Pony,tt0075141,movie,Ride A Wild Pony,Ride a Wild Pony,0,1975,\N,91,"Adventure,Family",both
4118,Rio,tt1436562,movie,Rio,Rio,0,2011,\N,96,"Adventure,Animation,Comedy",both
4150,Rio 2,tt2357291,movie,Rio 2,Rio 2,0,2014,\N,101,"Adventure,Animation,Comedy",both
4157,Rob Roy: The Highland Rogue,tt0046246,movie,Rob Roy: The Highland Rogue,Rob Roy: The Highland Rogue,0,1953,\N,81,"Adventure,Biography,Drama",both
4161,Robin Hood,tt0070608,movie,Robin Hood,Robin Hood,0,1973,\N,83,"Adventure,Animation,Comedy",both
4230,Robots,tt0358082,movie,Robots,Robots,0,2005,\N,91,"Adventure,Animation,Comedy",both
4243,Robots,tt12579470,movie,Robots,Robots,0,\N,\N,\N,"Comedy,Romance,Sci-Fi",both
4295,Rocketman,tt0120029,movie,Rocketman,RocketMan,0,1997,\N,95,"Comedy,Family,Sci-Fi",both
4318,Rogue One: A Star Wars Story,tt3748528,movie,Rogue One: A Star Wars Story,Rogue One,0,2016,\N,133,"Action,Adventure,Sci-Fi",both
4341,Santa Paws 2: The Santa Pups,tt2414212,movie,Santa Paws 2: The Santa Pups,Santa Paws 2: The Santa Pups,0,2012,\N,88,"Adventure,Family",both
4342,Savage Sam,tt0057473,movie,Savage Sam,Savage Sam,0,1963,\N,103,"Adventure,Drama,Family",both
4344,Saving Mr. Banks,tt2140373,movie,Saving Mr. Banks,Saving Mr. Banks,0,2013,\N,125,"Biography,Comedy,Drama",both
4350,Scandalous John,tt0067712,movie,Scandalous John,Scandalous John,0,1971,\N,113,"Comedy,Drama,Family",both
4352,Secretariat,tt1028576,movie,Secretariat,Secretariat,0,2010,\N,123,"Biography,Drama,Family",both
4360,Secrets Of Life,tt0049733,movie,Secrets Of Life,Secrets of Life,0,1956,\N,70,"Documentary,Family",both
4361,Secrets Of Life,tt2064925,movie,Secrets Of Life,Secrets of Life,0,2009,\N,100,Documentary,both
4368,Shang-Chi And The Legend Of The Ten Rings,tt9376612,movie,Shang-Chi And The Legend Of The Ten Rings,Shang-Chi and the Legend of the Ten Rings,0,2021,\N,132,"Action,Adventure,Fantasy",both
4372,Shipwrecked,tt0017379,movie,Shipwrecked,Shipwrecked,0,1926,\N,74,"Adventure,Drama,Romance",both
4373,Shipwrecked,tt0099816,movie,Shipwrecked,Haakon Haakonsen,0,1990,\N,92,"Adventure,Family",both
4432,Sky High,tt0405325,movie,Sky High,Sky High,0,2005,\N,100,"Action,Comedy,Family",both
4465,Sleeping Beauty (1959),tt0053285,movie,Sleeping Beauty,Sleeping Beauty,0,1959,\N,75,"Adventure,Animation,Family",both
4469,Smart House,tt6824720,movie,Smart House,Smart House,0,\N,\N,\N,"Horror,Thriller",both
4473,Smith!,tt0065003,movie,Smith!,Smith!,0,1969,\N,112,"Drama,Family,Western",both
4474,Snow Dogs,tt0281373,movie,Snow Dogs,Snow Dogs,0,2002,\N,99,"Adventure,Comedy,Family",both
4476,Snow White And The Seven Dwarfs,tt0029583,movie,Snow White And The Seven Dwarfs,Snow White and the Seven Dwarfs,0,1937,\N,83,"Adventure,Animation,Family",both
4492,Snowball Express,tt0069291,movie,Snowball Express,Snowball Express,0,1972,\N,93,"Comedy,Family",both
4494,So Dear To My Heart,tt0041890,movie,So Dear To My Heart,So Dear to My Heart,0,1948,\N,79,"Animation,Drama,Family",both
4506,Solo: A Star Wars Story,tt3778644,movie,Solo: A Star Wars Story,Solo: A Star Wars Story,0,2018,\N,135,"Action,Adventure,Sci-Fi",both
4523,Something Wicked This Way Comes,tt0086336,movie,Something Wicked This Way Comes,Something Wicked This Way Comes,0,1983,\N,95,"Fantasy,Mystery,Thriller",both
4549,Son Of Flubber,tt0057518,movie,Son Of Flubber,Son of Flubber,0,1963,\N,100,"Comedy,Family,Sci-Fi",both
4584,Soul,tt2948372,movie,Soul,Soul,0,2020,\N,100,"Adventure,Animation,Comedy",both
4598,Sounder,tt0069303,movie,Sounder,Sounder,0,1972,\N,105,"Drama,Family",both
4605,Spies In Disguise,tt5814534,movie,Spies In Disguise,Spies in Disguise,0,2019,\N,102,"Action,Adventure,Animation",both
4606,Squanto: A Warrior'S Tale,tt0111271,movie,Squanto: A Warrior'S Tale,Squanto: A Warrior's Tale,0,1994,\N,102,"Adventure,Biography,Drama",both
4736,Summer Magic,tt0057542,movie,Summer Magic,Summer Magic,0,1963,\N,110,"Comedy,Family,Musical",both
4738,Superdad,tt0070716,movie,Superdad,Superdad,0,1973,\N,96,"Comedy,Family",both
4749,Swiss Family Robinson,tt0054357,movie,Swiss Family Robinson,Swiss Family Robinson,0,1960,\N,126,"Adventure,Family",both
4761,Tall Tale: The Unbelievable Adventure,tt0111359,movie,Tall Tale,Tall Tale,0,1995,\N,96,"Adventure,Family,Fantasy",both
4767,Tangled,tt0398286,movie,Tangled,Tangled,0,2010,\N,100,"Adventure,Animation,Comedy",both
4797,Tarzan,tt0120855,movie,Tarzan,Tarzan,0,1999,\N,88,"Adventure,Animation,Comedy",both
4807,Tarzan,tt1705952,movie,Tarzan,Tarzan,0,2013,\N,94,"Action,Adventure,Animation",both
4819,Teacher'S Pet,tt0350194,movie,Teacher'S Pet,Teacher's Pet,0,2004,\N,73,"Adventure,Animation,Comedy",both
4917,Ten Who Dared,tt0054372,movie,Ten Who Dared,Ten Who Dared,0,1960,\N,92,"Adventure,Family,Western",both
4919,Tex,tt0084783,movie,Tex,Tex,0,1982,\N,103,Drama,both
4920,Tex,tt0169303,movie,Tex,Tex,0,1926,\N,\N,Western,both
4928,That Darn Cat,tt0120317,movie,That Darn Cat,That Darn Cat,0,1997,\N,89,"Action,Comedy,Crime",both
4932,That Darn Cat!,tt0059793,movie,That Darn Cat!,That Darn Cat!,0,1965,\N,116,"Comedy,Crime,Family",both
4940,The Adventures Of Bullwhip Griffin,tt0061333,movie,The Adventures Of Bullwhip Griffin,The Adventures of Bullwhip Griffin,0,1967,\N,108,"Action,Adventure,Comedy",both
4941,The Adventures Of Huck Finn,tt0106223,movie,The Adventures Of Huck Finn,The Adventures of Huck Finn,0,1993,\N,108,"Adventure,Comedy,Drama",both
4943,The Adventures Of Huck Finn,tt2081266,movie,The Adventures Of Huck Finn,Die Abenteuer des Huck Finn,0,2012,\N,99,"Adventure,Family",both
4944,The Adventures Of Ichabod And Mr. Toad,tt0041094,movie,The Adventures Of Ichabod And Mr. Toad,The Adventures of Ichabod and Mr. Toad,0,1949,\N,68,"Animation,Comedy,Family",both
4947,The African Lion,tt0047803,movie,The African Lion,The African Lion,0,1955,\N,75,"Documentary,Family",both
4948,The Apple Dumpling Gang,tt0072653,movie,The Apple Dumpling Gang,The Apple Dumpling Gang,0,1975,\N,100,"Comedy,Family,Western",both
4950,The Apple Dumpling Gang Rides Again,tt0078790,movie,The Apple Dumpling Gang Rides Again,The Apple Dumpling Gang Rides Again,0,1979,\N,88,"Comedy,Family,Western",both
4951,The Aristocats,tt0065421,movie,The Aristocats,The AristoCats,0,1970,\N,78,"Adventure,Animation,Comedy",both
4952,The Aristocats,tt17220728,movie,The Aristocats,The Aristocats,0,\N,\N,\N,Family,both
4955,The Barefoot Executive,tt0066811,movie,The Barefoot Executive,The Barefoot Executive,0,1971,\N,96,"Comedy,Family",both
4957,The Bears And I,tt0071199,movie,The Bears And I,The Bears and I,0,1974,\N,89,"Drama,Family",both
4958,The Bfg,tt0096866,movie,The Bfg,The BFG,0,1989,\N,91,"Adventure,Animation,Drama",both
4961,The Bfg,tt3691740,movie,The Bfg,The BFG,0,2016,\N,117,"Adventure,Family,Fantasy",both
4969,The Big Green,tt0112499,movie,The Big Green,The Big Green,0,1995,\N,100,"Comedy,Family,Sport",both
4972,The Biscuit Eater,tt0032254,movie,The Biscuit Eater,The Biscuit Eater,0,1940,\N,81,"Drama,Family",both
4973,The Biscuit Eater,tt0068276,movie,The Biscuit Eater,The Biscuit Eater,0,1972,\N,90,"Drama,Family",both
4974,The Black Cauldron,tt0088814,movie,The Black Cauldron,The Black Cauldron,0,1985,\N,80,"Action,Adventure,Animation",both
4982,The Black Hole,tt0078869,movie,The Black Hole,The Black Hole,0,1979,\N,98,"Action,Sci-Fi",both
5005,The Boatniks,tt0065482,movie,The Boatniks,The Boatniks,0,1970,\N,99,"Comedy,Family",both
5008,The Boys: The Sherman Brothers' Story,tt1015971,movie,The Boys,The Boys: The Sherman Brothers' Story,0,2009,\N,101,Documentary,both
5009,The Brave Little Toaster,tt0092695,movie,The Brave Little Toaster,The Brave Little Toaster,0,1987,\N,90,"Adventure,Animation,Family",both
5019,The Castaway Cowboy,tt0071288,movie,The Castaway Cowboy,The Castaway Cowboy,0,1974,\N,91,"Comedy,Family,Western",both
5021,The Cat From Outer Space,tt0077305,movie,The Cat From Outer Space,The Cat from Outer Space,0,1978,\N,104,"Comedy,Family,Sci-Fi",both
5029,The Christmas Star,tt0090840,movie,The Christmas Star,The Christmas Star,0,1986,\N,94,"Drama,Family",both
5033,The Christmas Star,tt3511874,movie,The Christmas Star,The Christmas Star,0,\N,\N,\N,"Drama,Family",both
5035,The Chronicles Of Narnia: Prince Caspian,tt0499448,movie,The Chronicles Of Narnia: Prince Caspian,The Chronicles of Narnia: Prince Caspian,0,2008,\N,150,"Action,Adventure,Family",both
5041,The Computer Wore Tennis Shoes,tt0065566,movie,The Computer Wore Tennis Shoes,The Computer Wore Tennis Shoes,0,1969,\N,91,"Comedy,Family,Sci-Fi",both
5043,The Country Bears,tt0276033,movie,The Country Bears,The Country Bears,0,2002,\N,88,"Comedy,Family,Music",both
5051,The Crimson Wing: Mystery Of The Flamingos,tt0902967,movie,The Crimson Wing: Mystery Of The Flamingos,The Crimson Wing: Mystery of the Flamingos,0,2008,\N,78,Documentary,both
5052,The Devil And Max Devlin,tt0082263,movie,The Devil And Max Devlin,The Devil and Max Devlin,0,1981,\N,96,"Comedy,Family,Fantasy",both
5055,The Duke,tt0196516,movie,The Duke,The Duke,0,1999,\N,88,"Comedy,Drama,Family",both
5074,The Emperor'S New Groove,tt0120917,movie,The Emperor'S New Groove,The Emperor's New Groove,0,2000,\N,78,"Adventure,Animation,Comedy",both
5087,The Fighting Prince Of Donegal,tt0060408,movie,The Fighting Prince Of Donegal,The Fighting Prince of Donegal,0,1966,\N,110,"Adventure,Biography,Family",both
5088,The Finest Hours,tt0058099,movie,The Finest Hours,The Finest Hours,0,1964,\N,116,"Biography,Documentary,War",both
5089,The Finest Hours,tt2025690,movie,The Finest Hours,The Finest Hours,0,2016,\N,117,"Action,Drama,History",both
5091,The Fox And The Hound,tt0082406,movie,The Fox And The Hound,The Fox and the Hound,0,1981,\N,83,"Adventure,Animation,Drama",both
5102,The Game Plan,tt0492956,movie,The Game Plan,The Game Plan,0,2007,\N,110,"Comedy,Family,Sport",both
5114,The Gnome-Mobile,tt0061715,movie,The Gnome-Mobile,The Gnome-Mobile,0,1967,\N,84,"Adventure,Family,Fantasy",both
5117,The Good Dinosaur,tt1979388,movie,The Good Dinosaur,The Good Dinosaur,0,2015,\N,93,"Adventure,Animation,Comedy",both
5127,The Great Locomotive Chase,tt0049279,movie,The Great Locomotive Chase,The Great Locomotive Chase,0,1956,\N,85,"Action,Adventure,Family",both
5128,The Great Mouse Detective,tt0091149,movie,The Great Mouse Detective,The Great Mouse Detective,0,1986,\N,74,"Adventure,Animation,Family",both
5134,The Great Muppet Caper,tt0082474,movie,The Great Muppet Caper,The Great Muppet Caper,0,1981,\N,97,"Adventure,Comedy,Crime",both
5137,The Greatest Game Ever Played,tt0388980,movie,The Greatest Game Ever Played,The Greatest Game Ever Played,0,2005,\N,120,"Biography,Drama,Sport",both
5140,The Greatest Game Ever Played,tt16358988,movie,The Greatest Game Ever Played,The Greatest Game Ever Played,0,\N,\N,\N,Documentary,both
5141,The Happiest Millionaire,tt0061749,movie,The Happiest Millionaire,The Happiest Millionaire,0,1967,\N,141,"Comedy,Family,Musical",both
5143,The Haunted Mansion,tt0338094,movie,The Haunted Mansion,The Haunted Mansion,0,2003,\N,99,"Comedy,Family,Fantasy",both
5151,The Horse In The Gray Flannel Suit,tt0063091,movie,The Horse In The Gray Flannel Suit,The Horse in the Gray Flannel Suit,0,1968,\N,113,"Comedy,Drama,Family",both
5157,The Hunchback Of Notre Dame,tt0116583,movie,The Hunchback Of Notre Dame,The Hunchback of Notre Dame,0,1996,\N,91,"Animation,Drama,Family",both
5191,The Incredible Journey,tt0057180,movie,The Incredible Journey,The Incredible Journey,0,1963,\N,80,"Adventure,Drama,Family",both
5199,The Incredibles,tt0317705,movie,The Incredibles,The Incredibles,0,2004,\N,115,"Action,Adventure,Animation",both
5208,The Island At The Top Of The World,tt0071671,movie,The Island At The Top Of The World,The Island at the Top of the World,0,1974,\N,93,"Adventure,Family,Fantasy",both
5209,The Journey Of Natty Gann,tt0089385,movie,The Journey Of Natty Gann,The Journey of Natty Gann,0,1985,\N,101,"Adventure,Family",both
5221,The Jungle Book 2,tt0283426,movie,The Jungle Book 2,The Jungle Book 2,0,2003,\N,72,"Adventure,Animation,Comedy",both
5228,The Kid,tt0219854,movie,The Kid,The Kid,0,2000,\N,104,"Comedy,Family,Fantasy",both
5297,The Last Flight Of Noah'S Ark,tt0081031,movie,The Last Flight Of Noah'S Ark,The Last Flight of Noah's Ark,0,1980,\N,97,"Adventure,Family",both
5298,The Legend Of Lobo,tt0056173,movie,The Legend Of Lobo,The Legend of Lobo,0,1962,\N,67,"Adventure,Family",both
5299,The Light In The Forest,tt0051864,movie,The Light In The Forest,The Light in the Forest,0,1958,\N,83,"Adventure,Drama,Family",both
5301,The Lion King,tt0110357,movie,The Lion King,The Lion King,0,1994,\N,88,"Adventure,Animation,Drama",both
5331,The Lion King,tt6105098,movie,The Lion King,The Lion King,0,2019,\N,118,"Adventure,Animation,Drama",both
5379,The Little Mermaid,tt0097757,movie,The Little Mermaid,The Little Mermaid,0,1989,\N,83,"Adventure,Animation,Comedy",both
5423,The Littlest Horse Thieves,tt0076320,movie,The Littlest Horse Thieves,Escape from the Dark,0,1976,\N,104,"Drama,Family",both
5424,The Littlest Outlaw,tt0048304,movie,The Littlest Outlaw,The Littlest Outlaw,0,1955,\N,73,"Drama,Family",both
5425,The Living Desert,tt0046008,movie,The Living Desert,The Living Desert,0,1953,\N,69,"Documentary,Family",both
5427,The Lizzie Mcguire Movie,tt0306841,movie,The Lizzie Mcguire Movie,The Lizzie McGuire Movie,0,2003,\N,94,"Adventure,Comedy,Family",both
5438,The Lone Ranger,tt1210819,movie,The Lone Ranger,The Lone Ranger,0,2013,\N,150,"Action,Adventure,Western",both
5451,The Love Bug,tt0064603,movie,The Love Bug,The Love Bug,0,1968,\N,108,"Comedy,Family,Sport",both
5465,The Many Adventures Of Winnie The Pooh,tt0076363,movie,The Many Adventures Of Winnie The Pooh,The Many Adventures of Winnie the Pooh,0,1977,\N,74,"Adventure,Animation,Comedy",both
5467,The Mighty Ducks,tt0104868,movie,The Mighty Ducks,The Mighty Ducks,0,1992,\N,104,"Comedy,Drama,Family",both
5471,The Million Dollar Duck,tt0066728,movie,The Million Dollar Duck,The Million Dollar Duck,0,1971,\N,89,"Comedy,Family,Sci-Fi",both
5472,The Million Dollar Duck,tt5372452,movie,The Million Dollar Duck,The Million Dollar Duck,0,2016,\N,71,Documentary,both
5473,The Miracle Worker,tt0056241,movie,The Miracle Worker,The Miracle Worker,0,1962,\N,106,"Biography,Drama",both
5475,The Miracle Worker,tt0233453,movie,The Miracle Worker,Chudesnitsa,0,1937,\N,78,Comedy,both
5482,The Misadventures Of Merlin Jones,tt0058355,movie,The Misadventures Of Merlin Jones,The Misadventures of Merlin Jones,0,1964,\N,91,"Comedy,Family,Sci-Fi",both
5483,The Monkey'S Uncle,tt0059462,movie,The Monkey'S Uncle,The Monkey's Uncle,0,1965,\N,91,"Comedy,Family,Sci-Fi",both
5487,The Moon-Spinners,tt0058371,movie,The Moon-Spinners,The Moon-Spinners,0,1964,\N,118,"Adventure,Family,Mystery",both
5488,The Muppet Christmas Carol,tt0104940,movie,The Muppet Christmas Carol,The Muppet Christmas Carol,0,1992,\N,85,"Comedy,Drama,Family",both
5500,The Muppets,tt1204342,movie,The Muppets,The Muppets,0,2011,\N,120,"Adventure,Comedy,Family",both
5519,The Music Man,tt0056262,movie,The Music Man,The Music Man,0,1962,\N,151,"Comedy,Family,Musical",both
5521,The Music Man,tt0385277,movie,The Music Man,Santouri,0,2007,\N,107,"Drama,Musical,Romance",both
5536,The North Avenue Irregulars,tt0079639,movie,The North Avenue Irregulars,The North Avenue Irregulars,0,1979,\N,100,"Action,Comedy,Crime",both
5538,The Nutcracker And The Four Realms,tt5523010,movie,The Nutcracker And The Four Realms,The Nutcracker and the Four Realms,0,2018,\N,99,"Adventure,Family,Fantasy",both
5542,The Odd Life Of Timothy Green,tt1462769,movie,The Odd Life Of Timothy Green,The Odd Life of Timothy Green,0,2012,\N,105,"Comedy,Drama,Family",both
5547,"The One And Only, Genuine, Original Family Band",tt0063389,movie,"The One And Only, Genuine, Original Family Band","The One and Only, Genuine, Original Family Band",0,1968,\N,110,"Comedy,Drama,Family",both
5548,The Other Side Of Heaven,tt0250371,movie,The Other Side Of Heaven,The Other Side of Heaven,0,2001,\N,113,"Adventure,Biography,Drama",both
5549,The Pacifier,tt0395699,movie,The Pacifier,The Pacifier,0,2005,\N,95,"Action,Comedy,Drama",both
5551,The Parent Trap,tt0055277,movie,The Parent Trap,The Parent Trap,0,1961,\N,129,"Comedy,Family,Romance",both
5552,The Parent Trap,tt0120783,movie,The Parent Trap,The Parent Trap,0,1998,\N,128,"Adventure,Comedy,Drama",both
5594,The Peanuts Movie,tt2452042,movie,The Peanuts Movie,The Peanuts Movie,0,2015,\N,88,"Adventure,Animation,Comedy",both
5604,The Perfect Game,tt0473102,movie,The Perfect Game,The Perfect Game,0,2009,\N,118,"Comedy,Drama,Family",both
5608,The Perfect Game,tt1935157,movie,The Perfect Game,Kanzenna yûgi,0,1958,\N,93,"Action,Crime",both
5613,The Pixar Story,tt1059955,movie,The Pixar Story,The Pixar Story,0,2007,\N,88,Documentary,both
5614,The Princess And The Frog,tt0780521,movie,The Princess And The Frog,The Princess and the Frog,0,2009,\N,97,"Adventure,Animation,Comedy",both
5627,The Princess Diaries,tt0247638,movie,The Princess Diaries,The Princess Diaries,0,2001,\N,115,"Comedy,Family,Romance",both
5632,The Princess Diaries 2: Royal Engagement,tt0368933,movie,The Princess Diaries 2: Royal Engagement,The Princess Diaries 2: Royal Engagement,0,2004,\N,113,"Comedy,Family,Romance",both
5636,The Reluctant Dragon,tt0034091,movie,The Reluctant Dragon,The Reluctant Dragon,0,1941,\N,74,"Animation,Comedy,Family",both
5647,The Rescuers,tt0076618,movie,The Rescuers,The Rescuers,0,1977,\N,78,"Adventure,Animation,Comedy",both
5650,The Rescuers,tt1346308,movie,The Rescuers,The Rescuers,0,2011,\N,94,Documentary,both
5663,The Rescuers Down Under,tt0100477,movie,The Rescuers Down Under,The Rescuers Down Under,0,1990,\N,77,"Adventure,Animation,Comedy",both
5668,The Rocketeer,tt0102803,movie,The Rocketeer,The Rocketeer,0,1991,\N,108,"Action,Adventure,Family",both
5681,The Rookie,tt0265662,movie,The Rookie,The Rookie,0,2002,\N,127,"Drama,Family,Sport",both
5712,The Santa Clause,tt0111070,movie,The Santa Clause,The Santa Clause,0,1994,\N,97,"Comedy,Drama,Family",both
5721,The Santa Clause 2,tt0304669,movie,The Santa Clause 2,The Santa Clause 2,0,2002,\N,104,"Comedy,Family,Fantasy",both
5723,The Santa Clause 3: The Escape Clause,tt0452681,movie,The Santa Clause 3: The Escape Clause,The Santa Clause 3: The Escape Clause,0,2006,\N,97,"Adventure,Comedy,Family",both
5728,The Secret Of The Magic Gourd,tt0496386,movie,The Secret Of The Magic Gourd,Bao hu lu de mi mi,0,2007,\N,84,"Drama,Family",both
5729,The Secret Of The Magic Gourd,tt6476724,movie,The Secret Of The Magic Gourd,Bao hu lu de bi mi,0,1963,\N,68,"Comedy,Drama,Fantasy",both
5730,The Shaggy D.A.,tt0075200,movie,The Shaggy D.A.,The Shaggy D.A.,0,1976,\N,91,"Comedy,Family,Fantasy",both
5732,The Shaggy Dog,tt0053271,movie,The Shaggy Dog,The Shaggy Dog,0,1959,\N,104,"Comedy,Family,Fantasy",both
5734,The Shaggy Dog,tt0393735,movie,The Shaggy Dog,The Shaggy Dog,0,2006,\N,98,"Comedy,Family,Fantasy",both
5738,The Sign Of Zorro,tt0054307,movie,The Sign Of Zorro,The Sign of Zorro,0,1958,\N,91,"Adventure,Drama,Family",both
5749,The Sorcerer'S Apprentice,tt0963966,movie,The Sorcerer'S Apprentice,The Sorcerer's Apprentice,0,2010,\N,109,"Action,Adventure,Family",both
5767,The Story Of Robin Hood And His Merrie Men,tt0045197,movie,The Story Of Robin Hood And His Merrie Men,The Story of Robin Hood and His Merrie Men,0,1952,\N,84,"Action,Adventure,Family",both
5768,The Straight Story,tt0166896,movie,The Straight Story,The Straight Story,0,1999,\N,112,"Biography,Drama",both
5771,The Strongest Man In The World,tt0073760,movie,The Strongest Man In The World,The Strongest Man in the World,0,1975,\N,92,"Comedy,Family,Sci-Fi",both
5777,The Sword And The Rose,tt0046387,movie,The Sword And The Rose,The Sword and the Rose,0,1953,\N,92,"Adventure,Drama,Family",both
5778,The Sword And The Rose,tt1686635,movie,The Sword And The Rose,A Espada e a Rosa,0,2010,\N,142,"Adventure,Drama,Fantasy",both
5779,The Sword In The Stone,tt0057546,movie,The Sword In The Stone,The Sword in the Stone,0,1963,\N,79,"Adventure,Animation,Comedy",both
5784,The Sword In The Stone,tt4872762,movie,The Sword In The Stone,The Sword in the Stone,0,2024,\N,\N,"Action,Adventure,Family",both
5786,The Three Caballeros,tt0038166,movie,The Three Caballeros,The Three Caballeros,0,1944,\N,71,"Animation,Comedy,Family",both
5790,The Three Lives Of Thomasina,tt0057579,movie,The Three Lives Of Thomasina,The Three Lives of Thomasina,0,1963,\N,97,"Drama,Family",both
5802,The Three Musketeers,tt0108333,movie,The Three Musketeers,The Three Musketeers,0,1993,\N,105,"Action,Adventure,Comedy",both
5860,The Tigger Movie,tt0220099,movie,The Tigger Movie,The Tigger Movie,0,2000,\N,77,"Adventure,Animation,Comedy",both
5862,The Ugly Dachshund,tt0061135,movie,The Ugly Dachshund,The Ugly Dachshund,0,1966,\N,93,"Comedy,Family",both
5863,The Vanishing Prairie,tt0047642,movie,The Vanishing Prairie,The Vanishing Prairie,0,1954,\N,71,"Documentary,Family",both
5865,The Watcher In The Woods,tt0081738,movie,The Watcher In The Woods,The Watcher in the Woods,0,1980,\N,84,"Family,Horror,Mystery",both
5869,The Wild,tt0405469,movie,The Wild,The Wild,0,2006,\N,95,"Adventure,Animation,Comedy",both
5882,The Wild Country,tt0067985,movie,The Wild Country,The Wild Country,0,1970,\N,100,"Action,Adventure,Comedy",both
5884,The World'S Greatest Athlete,tt0070928,movie,The World'S Greatest Athlete,The World's Greatest Athlete,0,1973,\N,93,"Comedy,Family,Romance",both
5885,The Young Black Stallion,tt0318850,movie,The Young Black Stallion,The Young Black Stallion,0,2003,\N,50,"Adventure,Drama,Family",both
5886,Third Man On The Mountain,tt0053352,movie,Third Man On The Mountain,Third Man on the Mountain,0,1959,\N,107,"Adventure,Drama,Family",both
5889,Those Calloways,tt0059796,movie,Those Calloways,Those Calloways,0,1965,\N,131,"Drama,Family",both
5891,Toby Tyler,tt0054390,movie,Toby Tyler Or Ten Weeks With A Circus,Toby Tyler or Ten Weeks with a Circus,0,1960,\N,96,"Drama,Family",both
5892,Tom And Huck,tt0112302,movie,Tom And Huck,Tom and Huck,0,1995,\N,97,"Adventure,Comedy,Drama",both
5901,Tomorrowland,tt1964418,movie,Tomorrowland,Tomorrowland,0,2015,\N,130,"Action,Adventure,Family",both
5914,Tomorrowland,tt7728220,movie,Tomorrowland,Tomorrowland,0,2017,\N,70,Documentary,both
5915,Tonka,tt0052300,movie,Tonka,Tonka,0,1958,\N,97,"Adventure,Drama,Family",both
5924,Tower Of Terror,tt0035462,movie,Tower Of Terror,Tower of Terror,0,1941,\N,78,Thriller,both
5933,Tower Of Terror,tt4922444,movie,Tower Of Terror,Tower of Terror,0,\N,\N,\N,"Horror,Thriller",both
5938,Toy Story,tt0114709,movie,Toy Story,Toy Story,0,1995,\N,81,"Adventure,Animation,Comedy",both
5969,Toy Story 2,tt0120363,movie,Toy Story 2,Toy Story 2,0,1999,\N,92,"Adventure,Animation,Comedy",both
5979,Toy Story 3,tt0435761,movie,Toy Story 3,Toy Story 3,0,2010,\N,103,"Adventure,Animation,Comedy",both
6011,Toy Story 4,tt1979376,movie,Toy Story 4,Toy Story 4,0,2019,\N,100,"Adventure,Animation,Comedy",both
6012,Trail Of The Panda,tt1247700,movie,Trail Of The Panda,Xiong mao hui jia lu,0,2009,\N,87,"Adventure,Family",both
6018,Treasure Island,tt0043067,movie,Treasure Island,Treasure Island,0,1950,\N,96,"Adventure,Family",both
6095,Treasure Of Matecumbe,tt0075347,movie,Treasure Of Matecumbe,Treasure of Matecumbe,0,1976,\N,117,"Adventure,Family,Western",both
6097,Treasure Planet,tt0133240,movie,Treasure Planet,Treasure Planet,0,2002,\N,95,"Adventure,Animation,Family",both
6105,Trenchcoat,tt0086476,movie,Trenchcoat,Trenchcoat,0,1983,\N,91,"Comedy,Mystery,Thriller",both
6108,Tron,tt0084827,movie,Tron,TRON,0,1982,\N,96,"Action,Adventure,Sci-Fi",both
6111,Tron,tt12916062,movie,Tron,Tron,0,\N,\N,\N,\N,both
6123,Tron: Legacy,tt1104001,movie,Tron: Legacy,Tron,0,2010,\N,125,"Action,Adventure,Sci-Fi",both
6126,Tuck Everlasting,tt0081664,movie,Tuck Everlasting,Tuck Everlasting,0,1981,\N,90,"Drama,Family,Fantasy",both
6127,Tuck Everlasting,tt0283084,movie,Tuck Everlasting,Tuck Everlasting,0,2002,\N,90,"Drama,Family,Fantasy",both
6132,Turning Red,tt8097030,movie,Turning Red,Turning Red,0,2022,\N,100,"Adventure,Animation,Comedy",both
6144,Underdog,tt0467110,movie,Underdog,Underdog,0,2007,\N,100,"Action,Adventure,Comedy",both
6171,Unidentified Flying Oddball,tt0080062,movie,Unidentified Flying Oddball,The Spaceman and King Arthur,0,1979,\N,93,"Adventure,Comedy,Family",both
6176,Up,tt1049413,movie,Up,Up,0,2009,\N,96,"Adventure,Animation,Comedy",both
6205,Valiant,tt0361089,movie,Valiant,Valiant,0,2005,\N,76,"Adventure,Animation,Comedy",both
6219,Waking Sleeping Beauty,tt1159961,movie,Waking Sleeping Beauty,Waking Sleeping Beauty,0,2009,\N,86,"Documentary,Drama,History",both
6228,Walt & El Grupo,tt1223150,movie,Walt & El Grupo,Walt & El Grupo,0,2008,\N,106,Documentary,both
6234,"Westward Ho, The Wagons!",tt0049945,movie,"Westward Ho, The Wagons!","Westward Ho, the Wagons!",0,1956,\N,90,"Family,Western",both
6235,Where The Red Fern Grows,tt0072402,movie,Where The Red Fern Grows,Where the Red Fern Grows,0,1974,\N,97,"Drama,Family",both
6236,Where The Red Fern Grows,tt0192788,movie,Where The Red Fern Grows,Where the Red Fern Grows,0,2003,\N,86,"Drama,Family",both
6238,Whispers: An Elephant'S Tale,tt0185007,movie,Whispers: An Elephant'S Tale,Whispers: An Elephant's Tale,0,2000,\N,72,"Adventure,Family",both
6242,White Fang,tt0103247,movie,White Fang,White Fang,0,1991,\N,107,"Adventure,Drama",both
6251,White Fang 2: Myth Of The White Wolf,tt0111701,movie,White Fang 2: Myth Of The White Wolf,White Fang 2: Myth of the White Wolf,0,1994,\N,106,"Adventure,Family",both
6252,White Wilderness,tt0052389,movie,White Wilderness,White Wilderness,0,1958,\N,72,"Documentary,Family",both
6254,Wild Hearts Can'T Be Broken,tt0103262,movie,Wild Hearts Can'T Be Broken,Wild Hearts Can't Be Broken,0,1991,\N,88,"Drama,Family,Romance",both
6255,Wings Of Life,tt1222816,movie,Disneynature: Wings Of Life,Pollen,0,2011,\N,81,"Documentary,Family,News",both
6256,Winnie The Pooh (2011),tt1449283,movie,Winnie The Pooh,Winnie the Pooh,0,2011,\N,63,"Adventure,Animation,Comedy",both
6257,Winnie The Pooh: A Very Merry Pooh Year,tt0324572,movie,Winnie The Pooh: A Very Merry Pooh Year,Winnie the Pooh: A Very Merry Pooh Year,0,2002,\N,65,"Animation,Comedy,Drama",both
6266,Wreck-It Ralph,tt1772341,movie,Wreck-It Ralph,Wreck-It Ralph,0,2012,\N,101,"Adventure,Animation,Comedy",both
6275,Yellowstone Cubs,tt0206446,movie,Yellowstone Cubs,Yellowstone Cubs,0,1963,\N,48,"Adventure,Family",both
6277,Zokkomon,tt1605790,movie,Zokkomon,Zokkomon,0,2011,\N,109,"Action,Adventure,Family",both
6281,Zootopia,tt2948356,movie,Zootopia,Zootopia,0,2016,\N,108,"Adventure,Animation,Comedy",both
